country,1990,1991,1992,1993,1994,1995,1996,1997,1998,1999,2000,2001,2002,2003,2004,2005,2006,2007,2008,2009,2010,2011,2012,2013,2014,2015,2016,2017,2018,2019
AGO,,,,,,,,,,,,,,,,,,,,,0.0013822862799529136,0.01592362570196579,0.0038489386866813633,0.010098461926394412,0.011621424825113458,-0.003731774619312854,-0.015953330454411514,0.005986918047856911,0.0036235571731002584,0.0022704951050952042
ALB,,,,-0.061144301856543806,-0.14784703596223048,0.0496808513189391,0.04118717299079518,0.009866068926315304,-0.029451931067765762,-0.023755410291690572,-0.071720381471989,-0.017015786513611707,0.0014833501832122366,-0.07407479809327709,0.019717773871587265,0.01758076076160809,-0.02495928714808295,-0.10048427613303139,-0.08869165230623897,-0.02043235582474185,-0.007490463963199787,-0.04517450584444856,-0.13819370855563973,-0.04738751531036297,0.013784264029662608,-0.0710599974656664,-0.02358478457924795,-0.10767628422444897,-0.03813413271164397,-0.0960711557690912
ARG,,0.11635863109791918,0.17076429888376152,0.007411547622407988,-0.05268276560829861,-0.11121250168612438,-0.015759719615228374,0.023611065407833927,0.5810092543674054,0.10649727328203742,0.19669929874511038,-0.09796013100540142,0.0589590874296968,-0.07320418347918116,-0.04746527672789585,-0.003375688950005906,-0.04893583053481385,0.011256512139522582,-0.12170786270536854,-0.0992505347288394,-0.04096768313589372,-0.051660290019788856,-0.09526456582337453,-0.06166712896126514,-0.02523819848102745,0.010995960490025668,-0.0035335478169786624,-0.012224570943905432,-0.02129574702706817,-0.0030211731450459924
ARM,,,,,,,,,,,,,,,,-8.503621450488368e-05,-0.002021053024694175,0.0005907919070840634,-0.0025040803149566694,0.0005468805890417835,-0.001765973226606639,-0.0015217633552824044,-0.00245948345371648,-0.000770951901310135,-0.003256827653930587,-0.002059688943944074,-0.0015939235211619694,-0.0019457002649229012,,-0.0005615986157156897
AUS,,-0.00028502593839945884,0.0005310505462327867,0.00012228954201252995,3.9155695172838186e-05,0.0003701712317862599,0.0005008977031727119,-0.0003457212366387745,-0.00023768044260421688,0.0004430037894736786,0.0003745954025139476,-0.0002035540657047675,-0.0005451841929915018,-7.61819065706323e-05,-0.0005522000338577657,-0.0003815752554013879,-0.000782441414109742,-0.00016564463806520758,0.0006132269528882303,-0.00042083067657087064,0.0005184148788271166,0.0005877468424143213,0.0003805592567942898,-0.0004946439173319773,-0.0008354599575239408,-0.0005145426277926538,-0.0007490486432198683,-0.0007436885720825831,-0.0007008879646739181,-0.0007885836990185798
AUT,,-0.0003650172532938528,-0.002533932442926365,0.0005847100339637319,-0.0037602666048345136,-0.00032923992808345855,0.0026575546811040407,0.0022897800502471163,-0.0007197402856888495,0.0022619633718591156,-0.0010606263656381188,-0.0013410116985106697,-0.0010144157220844862,-0.005957294453672663,0.0007234026710770884,0.0004575611144295105,-0.001586199935826243,-0.0047314585694764036,-0.002117090002743856,0.0022615798155626106,-0.0014610768472303522,-0.004058607702898077,-0.006532125947960089,-0.0030840203892769052,-0.00171772809231643,-0.005787764070385153,-0.001941439166003094,-0.005778655585211943,-0.0041401745232460575,-0.005784233172937231
AZE,,,,,0.034447045051316176,-0.00012932231740622185,-0.0015276885406450902,0.0018650599219853172,-0.006973493372824945,-0.014854784045123724,-0.03457340116987782,-0.013503453240339549,-6.527818093896166e-05,0.004182053364356164,0.0005302472629009623,-0.009229625375061916,-0.019413338145784612,-0.0009056529398126947,-0.003758123281986683,0.004018662750699569,-0.011019533289790334,-0.006697359410246615,-0.007448837156880888,-0.0001662066692786609,-0.017839125904494286,-0.016461630326754205,-0.0059239414497933565,-0.009287752770796678,-0.00964597261778025,-0.010779034877975166
BDI,,0.13509558904564678,-0.2008745131864474,-0.7432151146907013,0.01257028488752526,-0.6648247285067955,-0.5674844771603285,-0.31682066175653534,-0.46583711940348255,-0.0923004732384349,-0.05890657145326132,0.04430113819514333,-0.1060180390468284,-0.106727708507634,-0.018653687042642177,-0.13438241693186184,-0.10349246512741368,0.003340949001212424,0.014720722996049774,-0.08773728721085694,-0.15759397719616167,0.03890606804869488,-0.04452665968006652,-0.04885236190667677,-0.009957918278745717,-0.002531013331121388,-0.057837480139023116,-0.09437998730411205,0.02305622080224463,0.02145659090745279
BEL,,,,,,,,,,,,5.822841292618258e-05,0.00026242410148770434,-0.0008273787780770296,0.00014106845076654765,-9.282401847019536e-05,-2.273465245529759e-05,0.0008992320033087067,0.0009364656891135733,-0.00022440909632272783,-0.0005820864252871943,0.0004167349083729191,-5.870849969569781e-05,-0.0005626867571040982,0.00045763427179606173,-0.0003663447152499338,4.051419610440577e-05,-0.0007586716718137609,-0.000690961309846788,-0.0008623155004660132
BEN,,0.3135648981716508,0.0893136941519699,0.01244500002802253,0.053649725406357575,-0.013181979929818568,0.01802057394139002,0.16341958781451435,-0.20645554453717144,-0.05642044182807429,-0.13619657547837247,-0.05670066583653194,-0.11592540845194184,-0.06239295431977417,0.0822306485809362,-0.07253422352194998,-0.2124843814057979,-0.07801989991898722,-0.04467014457795971,-0.022792688449590967,-0.25069279065005756,-0.2074294227563992,-0.0061243208060497495,-0.03017175881863872,-0.23234264848429792,-0.3008112347796504,-0.25264322626143826,-0.2004950787817687,-0.20795395030067257,-0.06156858379360707
BFA,,,0.18847056632882253,-0.18793814781073573,0.0998793628647397,-0.01652095021293687,0.0020314558962795646,-0.03990512672161787,-0.015555557315892452,0.04415624841847173,-0.011772372401306118,-0.026437532815138793,-0.2442517631868289,0.11350023083538785,0.008571549431936085,-0.0660949062341578,-0.10575114497022405,-0.07818606323964647,-0.040158118396256944,-0.20593737055400496,-0.06782247182698425,-0.2048095803888962,0.05341178270437489,-0.16254914633395975,-0.1349753767004775,-0.30397561108786225,-0.049294777588640815,-0.092232450887808,-0.13389572225573243,-0.058830340079091534
BGD,,,,,,,,,,,,,,-0.0004405987332011047,-0.00029501373294336177,-0.004764323413512799,-0.009308761088091349,-0.009754737347799457,0.0030829057751809072,-0.012835909227608197,-0.005755174716284839,0.0018193117524339135,-0.006043724136967622,-0.0016567797670740745,-0.016722284221646996,-0.019478362551094645,-0.01862962408858965,-0.025619551331977592,-0.02893286604328969,-0.036820478115822626
BGR,,,,,,,,,-0.024112544992854663,-0.030552409209407737,-0.037532037603434806,-0.020010974205995104,-0.020740434145834107,-0.0449478405451935,0.022699828917207544,0.010472865876273982,-0.02194121957962272,-0.059770343393707084,-0.03651277341801387,-0.03800915404620211,-0.03188267517035762,-0.044984958622504866,-0.08897054100273821,-0.08020183084026683,-0.01064552668917883,-0.05557173173731476,-0.04010845836854812,-0.07550928133485645,-0.06185809034962854,-0.12368856139117451
BIH,,,,,,,0.06108301745959115,0.03494312372375503,-0.02713841239262647,0.004502049749684343,-0.04646266568420907,-0.008391912174754265,0.0048376427620867215,-0.08056328284678925,0.00392012884537479,0.003982538283031917,-0.04369050910432041,-0.07968929155048099,-0.08168753114538742,-0.0697147788998588,-0.017785096612806958,-0.0861380963198691,-0.09275513900341775,-0.0610886767334765,0.01897161873783706,-0.0696844928855182,-0.041438124534171165,-0.06725273540216839,-0.058670390869255365,-0.09770021149224196
BLZ,,,,,,0.02546261201009506,0.01441621969363792,-0.011007181188676298,-0.02067765548039638,0.04562157864848606,0.0046676847103283665,-0.029301413647259914,-0.035295509940822596,-0.049387277372961814,-0.059080175901056096,-0.03212282043792093,-0.014464761338520371,-0.00763624501015927,-0.010885551713901657,-0.06783818982314568,0.02121757619212067,-0.04056076345067741,-0.02226581023864536,0.011995537567929142,-0.03638316124233465,-0.07199252251222435,-0.08962227864010032,-0.08069927445838074,-0.03730467349258808,-0.09681975745003582
BOL,,-0.031741513061903204,0.053435337678658414,-0.04083296693137703,-0.018381363863486738,-0.029881734603316012,0.009890518870514418,0.012511596144069196,-0.022043183623179134,0.021504737744725708,0.025640093315656205,0.013686038734474947,-0.001168368438405728,0.010576469999811489,-0.0098045941048147,0.015381915462862368,0.022226339687238954,0.019892595395739402,0.05401595530449965,0.04439016128268865,-0.008082653692954654,0.024624660460421863,0.014209049704998625,0.0144629373319673,0.01608901009847957,-0.006959615117610256,-0.03058320813684686,-0.00412856531749136,0.027456120973650085,-0.0033856423659700476
BRA,,,25.76397915101156,-0.479725070978882,0.012051635704922814,-0.019449745829028506,-0.000715069898535112,0.0014270667339833236,-0.013204900693409969,-0.026532661540746055,0.004765526204402204,-0.016569000695435453,-0.014991222550682099,-0.01521155946645236,-0.011751852075969118,-0.01994995172827664,-0.036624916970256695,-0.035079043639212645,-0.014373547849829632,-0.02013032685419619,-0.030072544064136515,-0.01622423290619182,-0.06010795746050153,-0.028475013004934484,-0.039412412195936816,-0.028280374580610557,-0.02499996682953519,-0.043830924169145434,-0.01812620627559213,-0.03449339406226963
BTN,,,,,,,,,,,0.036453335977863294,-0.000562278710525269,0.0029470011939460917,-0.007530933178340223,-0.016248111876374868,0.010991456817586606,-0.08111337884153796,-0.08862012356188066,0.02615109073210279,-0.013455575735251617,0.01400733280769211,0.003256300049012101,-0.0018569846674286038,-0.0029629913557428634,-0.016662242232372882,-0.01901172441386671,-0.012940043740120514,-0.05349306849579415,-0.03238171274897406,-0.017043037172277273
BWA,,0.013608910118681893,-0.008848691681323559,-0.0005146534751487388,0.00358209441597129,-0.010409446355222545,0.019900404863267065,0.014963963947427977,-0.0013848084373141883,-0.0018562285872917087,0.006114778836311909,-0.00032554122922223683,-0.0044976200484175555,-0.0008463223697311615,-0.0009710614054766356,-0.0030237980509279887,0.0029333103200119837,-0.0006618422033148036,-0.0005032435972279006,-0.0022076278828464893,-0.0016184281674667027,0.0012133385073994848,-0.0018058485655409438,-0.0006258802503977337,-0.0017755801427541428,-0.0003537853509308727,-0.0024419518728338255,0.00028960142746489243,-0.0016963445845571761,-0.0011485148686824652
CAF,,,,,0.016006074379405565,-0.049774319690906926,,,,,,,,,,,,,,,,,-0.11045165862290482,-0.011081667088355231,-0.025656541506726256,-0.10385876957224814,-0.13102254641437344,-0.01686227404183027,-0.018587939778950475,-0.03296876337201703
CAN,,-0.004637856090202458,0.0037453446236649962,-0.0005710579019516753,0.003012811646490434,-0.0014269148078626557,0.0032158064081723023,0.002156396436737308,-0.0018368863084685537,-0.004689039882194132,0.0038092058870584744,-0.0015253566611287761,-0.0056383341545855415,0.0007457566591779292,0.004471497028691776,-0.00442855349485027,0.0008236366751435269,0.0001444231537237395,0.004709804125884452,0.0034476829602436906,-0.005918297270418335,0.00011719140170656081,-0.010159840731410527,0.00433270317298764,0.0034903326243757114,-0.002842671907767822,-0.004337840426692619,0.005166893375074744,-0.0062295233273636326,0.002372360881788731
CHE,,-0.0005518642597867871,-5.9952733309738905e-05,0.00014246204374344546,-2.4748277952424543e-05,-0.00010873465673779214,3.817931000558531e-05,0.00013713583869540412,-3.929388014516388e-05,0.00043252642837593024,0.00022700021230422717,2.2535292294269717e-06,3.743623026004706e-05,-0.00015848303231004988,-4.819376438093498e-06,-4.918221102680286e-05,1.32450364627612e-05,0.00019153907887118173,4.186623682329548e-05,4.2206393101543825e-05,-0.0002385332331737457,-5.5354723436065744e-05,6.296777212534873e-06,-3.798544891546399e-05,0.00015053398968645337,-0.00024384590309328656,-6.735310633888609e-05,-0.0005445966566901413,-0.00011148183416090985,-0.0005086421820945844
CHL,,0.004682534913923425,0.0005500957186986637,-0.004433454462053037,-0.004574004078266331,-0.004811333873199235,-0.0035983251066984243,0.00031614681971647726,0.0008510643559866115,-0.0004258051724118552,0.0016276046443392703,-0.004028281007297406,0.0002937695309785228,-0.003783406801087449,-0.0025462146759108652,-0.0021630358602633543,-0.0034493308716201814,-0.001124775267279565,-0.0029823301353519376,-0.002149704121852626,-0.003872244602202898,-0.002703130098571615,-0.005030567505776737,-0.005762702784857603,-0.003080329122396615,-0.0020117469705734007,-0.0023258113068554943,-0.003966171864582586,-0.002125762701697814,-0.0027804914159249125
CHN,,0.05040442650890209,-0.010074337897667276,0.1370532071110124,-0.07524246654839002,0.04369280233673837,0.058991198130672,-0.09988588578066686,0.04420381933597226,-0.033962530701196085,-0.05353851874334986,-0.07078458468135884,-0.03565362519369647,0.0331490300935318,-0.0032425422244831753,-0.02561510737651885,-0.02227239269571936,-0.03585195179283392,0.007142527439390081,-0.01291785526197576,-0.017870877764426026,-0.015750596337576497,0.007059501269231289,-0.015991790678207857,-0.018948081859263152,-0.009030520327920462,-0.020377268012833218,-0.052137528396957025,-0.033306384348302284,-0.0341956670218116
CIV,,0.046134450512081565,0.039878843085180374,-0.013509418228244054,0.01207525464934542,-0.004370382625951031,0.00042126937208917256,0.024915448528962124,-0.035998981994511424,0.0016139251861827329,-0.000709518243316674,-0.005805254815548891,-0.04703091374670333,-0.02532851272400964,-0.00595439443788076,-0.040100146277161165,-0.045478299577131974,-0.059439369348013915,-0.044577219989958713,-0.04376595961538856,-0.06484446903225925,-0.03154528349967018,-0.006627749008226179,-0.025812722017843355,-0.02856938796700347,-0.0939021271043572,-0.0827484899838323,-0.05625171997800931,-0.05741265492718255,-0.01387012243271139
CMR,,0.024564022077403495,0.08064452229051175,,,-0.03444693474458876,0.004248541480602083,0.0022967082100070406,-0.07728002862570699,-0.02296862348289918,-0.03299173692950995,-0.02377687568854838,-0.07068185154641131,-0.004671340395557997,-0.030967478599246052,-0.0042328198367427225,-0.061372512301515324,-0.04597153229213181,-0.11046057148100434,-0.10252193229393235,-0.055245707488344224,-0.08482756013566789,0.04470202628739158,-0.0537261029807747,-0.015657081128665786,-0.1854820439168417,0.0049784058371541325,0.0030759589233195325,-0.08582745215758701,-0.02647542585258278
COL,,-0.01962359999563245,-0.04448425881905887,-0.023662692815516462,-0.011638892423967644,-0.013210948460796502,0.02392953258300377,-0.0009648490364296301,0.008831292207975707,0.00322019400535949,0.004815965267393024,-0.010695966745919293,-0.0032470623391464156,0.007104193301543581,0.004497883156009515,-0.0008220159029407984,0.022910369373685645,0.014969061953496463,0.010405414211911667,0.0018583404974844907,-0.013206183396490531,0.0003978946684299857,0.004883369123193718,-0.010980077279042929,-0.018015303912559812,-0.007723905526900371,-0.009504538883874106,0.0014964051639046033,0.0008974126037472827,-0.0033651335359473236
CRI,,-0.02749346881678363,-0.021221729882949077,-0.01166832217999328,-0.02257470935622406,-0.009772861429995993,0.008004168833971502,-0.014319208591443781,-0.007223571087593375,0.002578495675534558,-0.0006849208418136146,-0.0015969393463489822,-0.0001591165327754091,-0.00031279175675715616,-0.0002893110662031955,-0.0006021323668963719,-0.000732299944388463,-0.0016910027772852553,-0.0003014301446926579,-0.0012888098795176472,-0.0005085993099855193,-0.00025473446161452905,-0.0001619999161706546,-0.00032746308937140145,-0.0008274621928269668,-0.0003506044221490752,-0.000887770873847295,-0.00022845393256598075,-9.682304894050054e-05,-0.000503487329960372
CZE,,,,3.2094898688588954e-05,-0.0004532471060541609,-0.00013556005347892114,0.0002522789675791269,0.00026686226936535243,-0.00014513131155268307,0.00023770044268073032,-0.0003934199171217286,0.0004036229595722811,-0.0004185211240204496,-0.002378291439810645,-0.00011591385653121432,-0.0005278331537659914,-0.000858768875990995,-0.003204456989481608,-0.0010747659576257186,0.001386208324196055,-0.0009836532736263877,0.0008827070877234485,-0.00426681926524558,-0.0014710799060660645,-0.002685503294472594,-0.003170012328646281,-0.0023200585433316065,-0.0014827342874028453,-0.0026770267040155753,-0.00285757513980062
DEU,,-0.00046166414497140123,-0.0003561116746364559,0.00042883317996301524,-0.00041333439049658977,-0.00033705098463070003,5.009509108107759e-05,2.0358276738800398e-05,-1.5736768359975217e-05,0.00019867806884118333,0.00027733084415177447,2.4490864859144425e-05,0.00015585895240094602,-0.0012194537037829964,4.3078217026705394e-05,-8.854295016200853e-05,-0.0004014305821193827,0.0003363598424736637,0.00041930720775036303,-0.0003946443775737548,-0.000628288837106777,-7.012901622230436e-05,-0.0007651603477782455,-0.0007146915560603875,-0.0001581019214096522,-0.0011217084310832493,-0.00036754034372832794,-0.0011406720938023829,-0.0010517142454651413,-0.0013260958084491867
DOM,,-0.0033264725263428365,0.0035136074816948313,0.004143358310698526,-0.0069810760509962525,-0.02105316641428303,-0.001065288590771617,-0.014623205298206902,-0.005721329363787708,-0.0023981861767841035,0.001006825386962004,-0.0025205616833518145,-0.00016184286635898668,-0.0007899957573269999,0.0018556856636148115,0.0001254814168711219,-0.000935710052606288,-0.0018385659736917638,0.00040862122556384925,0.0006273921079393198,-0.0009573881070339463,-0.000865639073377605,0.0003648147864899797,9.238287721956013e-05,-0.0010241997553702498,-0.00120359375741556,-0.0018175395814512057,-0.0005431440881727975,-0.0002964459820410659,-0.0017138341574306048
ECU,,-0.189840308824431,-0.05076136795779672,0.030788214059462766,-0.03522454785496388,-0.0695498658958965,0.057100578035740125,-0.15928250351111944,-0.02182245052138478,0.02582626569468523,0.005202904518973957,0.003527623429101771,-0.0033472688372420158,-0.0006107536448366217,-0.0062349615377323905,0.010652801811263924,0.002517502421741147,0.024816545901516638,0.014819646538280745,-0.008425794047287025,0.012703245534897961,0.009890768174759047,0.009131821832658725,0.004694643131946168,-0.0055918986681741155,-0.02731692223441348,-0.004209835393882893,0.0030723905359779542,-0.004446437513346078,-0.012645227814546953
EGY,,0.19719502746345838,0.12351091197833365,-0.008521139921972665,-0.17108122854629682,-0.18392513098759047,-0.022603768132281633,0.02206859576336832,-0.21878947821933153,-0.06351667441295046,0.04133689657300464,-0.07120984276698936,-0.1364663280929492,-0.08996581350936252,-0.018609951398830087,-0.04564783967910858,-0.04721369521066279,-0.0947705686140264,-0.15370182107010408,-0.07587561248121583,-0.19803171157910518,-0.0766869485583282,-0.18984653641546603,-0.10127910210185448,-0.09634319222428761,-0.13881781120372963,-0.10643405854708246,-0.05431252224043895,-0.03542956854158304,-0.05488254946631841
ERI,,,,0.008566345651394983,0.3623500111138048,0.096147549992537,-0.020134571089008357,-0.04056619888509524,0.10715779492431522,0.16140762768464625,-0.022250624711259822,-0.02233822680070583,-0.02740390443860082,0.010835227848902946,-0.010955274718005231,-0.00391022324217915,-0.010589731714381337,0.04888758719797908,-0.00801945443698461,-0.14650752348749566,-0.09907512255196628,-0.1154901961566791,,,,,,,,
ESP,,-0.007636771498751877,-0.0007785324901032581,0.00108285571141052,-0.0022107932307043354,-0.0011357249198989,0.0020006899682377542,0.0027147590185776465,-0.0019994770890330456,-0.0004452972332543891,-0.0010785122807353193,-0.0016141429350581046,0.0006056756647248478,-0.0052007919789930435,-0.0038389603114574464,-0.004177788694904616,-0.0030509943529946084,0.001279923689830944,-0.0003451116660336133,-0.004290686860140769,-0.00253831932926591,-0.002082787506888338,-0.0077038780920287465,-0.002418244814049504,-0.0017182580931716129,-0.004423340148112304,-0.0033041163883804994,-0.005247959309408194,-0.0027584434706253306,-0.004798043838142919
ETH,,,,0.2640141620747523,0.2484436709292109,0.26665430123485717,0.3544281591162335,-0.04505802345467051,-0.20563741608104683,0.1092127503610687,-0.09714010227899138,-0.19308516459532296,-0.5231957835325062,-0.17120217548987166,-0.22733392317121956,-0.10010883708071963,0.01505186637875659,0.04641341389674631,-0.09026192751507327,-0.4291786214414628,-0.16168281232836348,-0.18174019670529137,-0.053286429140922124,-0.1455407898041934,-0.032215782945361614,-0.16198574854588516,-0.059228869500676413,-0.0568962619672311,-0.024137362165928794,-0.00206287945787579
FRA,,-0.005428002637423706,0.00025183582597835906,0.005240532446884416,-0.001005977779218584,-0.003404741167637041,0.00014645304166040654,-0.0021521294633105137,-0.001409127323871082,0.0008364992213022375,0.00115377050894007,-7.242835478279734e-05,0.0024744768046615264,-0.007515968083764966,-0.0024080329953059037,-0.0048205764665414635,-0.004729845564792311,0.00445624503365434,0.003351501985588753,-0.00424955650348742,-0.003535389380960408,-0.0035402507438914736,-0.0044277110172831246,-0.0009435977757630203,0.004664922196977147,-0.004441334776433192,-0.0023155871713108744,-0.007319168748309421,-0.005335921493888538,-0.008077763361336419
GEO,,,,,,,,,,,,,,,-0.007999128586659536,-0.007510681034263116,-0.06435531870736896,-0.007695165094124905,-0.027023797446543457,0.0152270891448959,-0.023494559069220558,-0.011065243336596612,-0.025832185553148448,-0.014651563659251268,-0.040182800874583105,-0.022865555299795573,-0.018194139553295206,-0.014790212200646002,-0.020285092467771593,-0.018528149700932365
GHA,,10.939103275542275,1.756960863433125,-0.0361413296963298,1.4482005789556802,-0.8708703563004383,0.39976102021922705,1.3653334588131385,-1.9840835482966679,-0.00011235634880751792,-0.33049219374975625,-0.12494913940826298,-0.3754218678810487,-0.10619426449420181,0.11218308489257897,-0.0881244009281087,-0.3657289410409502,-0.26356268135511285,-0.08948504760478818,-0.05934138234610886,-0.37966764915760465,-0.22169571851280737,-0.1276230447662197,-0.1400384986580188,-0.09837145280551579,-0.13532088711965762,-0.10802867536602463,-0.0728318549448551,-0.09074460063197133,-0.047084019472739096
GIN,,-0.01149066284330015,0.06930108242638061,-0.0668338206971373,0.10857842263017005,-0.04891177183798045,0.024400543299309147,0.016221430970427466,-0.11666938435825537,0.07960303023750812,0.05764706005790319,0.01701660182059579,-0.1530385432360511,0.04104427567074339,-0.1574266979950941,-0.1521629665639145,-0.08627953034577576,-0.16468883302442325,-0.058616483523160276,-0.09432573315234767,-0.07878598911862678,-0.08116672156624934,-0.04596013919801196,-0.04011111556775027,-0.04504775025783288,-0.1067799099877819,-0.059375313716533054,-0.06000066124682913,-0.055700689454293933,-0.023411934855378486
GMB,,-0.23256492242836885,0.10009415073642194,-0.12307786172142476,0.1383832878344814,0.022238437250071418,-0.09848840760888566,-0.09373861138726881,-0.0977192104795302,0.02975081934298345,0.060334869958885255,-0.0969781175433549,-0.1575169843625816,-0.01254953010032638,-0.048101808186374925,-0.04873314015278003,-0.07085495143210341,-0.07000071321811709,-0.039400653151062615,-0.055597576093115976,-0.07587631165789384,-0.0703277706954808,-0.020108105487936814,-0.057635337037919794,-0.09195376164433819,-0.11172719739929245,-0.04919514636514393,-0.07502300576442925,-0.02528119710081054,-0.025221962080711136
GNB,,,,,,,,,-0.12689245067725963,0.03697221414348817,0.08237947659199261,-0.10105295659732585,-0.21879446956533177,-0.009981631271386354,-0.0641045458314575,-0.30405869538988656,-0.3438516434078514,-0.1312783094281334,-0.07270498264130658,-0.10095633823435587,-0.04072181128709284,-0.060134112207058305,-0.008130922406768252,-0.037832549283611946,-0.06032124588893366,-0.037300781564456625,-0.00901282626163332,-0.043958875776945884,-0.033383684549107624,-0.03401367603874744
GRC,,0.02614590465927327,0.007181794155345961,-0.006012133972830556,-0.030867724405628353,0.0036656057721682323,0.0008535363430311856,0.006700461079488917,-0.0138547734751495,-0.010167159292322814,-0.018951635978448036,-0.012115580872703074,-0.002245215083648213,-0.015364380110364922,0.0057352889094878096,0.0030962544558288184,-0.006946054160369406,-0.0259078922864331,-0.028730972725837665,-0.008264620520103927,-0.00738618855355657,-0.014152443797288427,-0.02989785317100296,-0.013754469126821676,0.0007534204639289469,-0.00927162480769807,-0.008277725132557145,-0.017419960990152368,-0.005639745485458602,-0.01285722920032306
HND,,-0.2691524760470702,0.05612412752357869,0.13410342645964143,-0.21213322126669978,0.08820150361225348,0.08411436025601667,-0.03985119149349877,-0.06311781394412168,0.0689740080279216,0.024383490968462686,-0.07130421710455248,-0.04239605134881498,-0.04700189249381186,-0.0624621242905157,-0.03730756979878119,-0.04168356629449327,-0.04755375619398463,0.006347089164326263,-0.04017837521428683,-0.0018788032987756454,-0.0258738724976906,-0.006433064453186437,-0.0015987893634336328,-0.04290898559208509,-0.04897776268080803,-0.061273284383928116,-0.032879171852843544,-0.006226734601005727,-0.061618364873846636
HRV,,,-0.6368563150297915,-0.03340982816853265,-0.05495460187240107,0.01561258836815861,0.0298544725321345,0.011644076061394922,-0.008205615763004563,0.007438053210202482,-0.022542344094590102,-0.008597414100780375,-0.00460109649561119,-0.0468355244778226,0.0033492609779036562,-3.1654192124672724e-05,-0.02410610652361888,-0.03963900710392543,-0.05027003460049785,-0.034978101182951984,-0.008040437660003083,-0.04750024107002457,-0.056471993098445174,-0.03229545314442746,0.010471417252031608,-0.03912413779911616,-0.019281269373227196,-0.04132652442811159,-0.03297172103302927,-0.05267994983693644
HUN,,0.14779713983572862,-0.18599869112388362,-0.05973678592559368,-0.20004860014512338,0.00139989271381282,0.06265876580058066,0.033543040897377856,-0.003958711169592072,0.016196989386524425,-0.06726197151995801,-0.015570393574629141,-0.046895383120344546,-0.09726905146965219,0.03548450559984585,0.013797267032441746,-0.03377843355001712,-0.08254913010426085,-0.06953487278069864,-0.08245835804263199,-0.02994599537539798,-0.0912176915569276,-0.124801443144485,-0.06401268330918577,-0.026112510076646826,-0.08841532554712955,-0.03455112013502637,-0.07206557212229336,-0.07259447196700092,-0.08573984534503414
IDN,,-0.05577928975889087,-0.056237339556303785,-0.013867667481750966,-0.036535694652951305,-0.07247947109832217,-0.09011561361937849,-0.12821521250186182,-0.04931008916691696,0.001985342139629608,-0.004801320730043944,0.026260825344095053,-0.011447253691470712,0.0071669789853971546,-0.001157763874959398,-0.0020034607028989408,-0.015554892145589149,-0.02206119443193943,0.0062356536522319385,-0.015490527760759164,-0.008109221847761815,0.017568935956355253,-0.01278554960561903,-0.008483795589262724,-0.010733944681212524,-0.028586485269097163,-0.012385033615951705,-0.012908939701479967,-0.0058353354904312335,-0.02722249846065062
IND,,-0.030418117924924135,-0.004270281528288378,-0.0054744268359138756,0.042894687423032964,-0.025975996277514984,0.015209085397949811,0.008716264758002218,-0.014269406314838858,0.0041233811452203485,-0.009973506533299783,-0.0025968865773933858,-0.019162262876608927,0.004852649376218601,-0.010091907901469502,-0.005289237891885564,-0.005425271572668416,-0.011340523997430537,0.006638994772308171,-0.03364710203835401,-0.027454702771638726,0.004504436081749281,-0.02045720034261964,0.00311858243906405,-0.019160317370245632,-0.014504354154097822,-0.011648040073337224,-0.01429595480379802,-0.012046632541106378,-0.015987291967245326
IRN,,0.016164647904411196,0.33268435073499386,0.2406654803616557,0.04435818270727491,-0.007970313457462868,0.011425957743849016,-0.06982376569837477,-0.1002878815394945,-0.08894496568086609,-0.09909838287348458,-0.0605056652567969,-0.039671407181112964,-0.024469395390807135,0.006811988990608781,-0.043673360693860686,-0.0771052273744732,-0.029411347904858144,-0.03891735930050699,-0.011125127211106282,-0.04568751755706574,-0.04871940953390658,-0.01983243261639006,-0.018084192152039522,-0.020124108082059985,-0.015610786442049,-0.008916042870161275,-0.00702242607422978,-0.0031187834838116626,-0.004815649819916715
IRQ,,,,,,,,,,,,,,-0.022275370778537328,-0.0038645992832509178,-0.031560282704745195,-0.03403254779282306,-0.02741383107484369,-0.030583938102570787,0.005699874618772454,-0.027866276442600188,-0.0209791162036088,-0.03293564041224644,-0.03559294739648824,-0.022030359353300808,-0.015292758915460794,-0.017693576422361447,-0.019985971526346756,-0.018924419050805556,-0.026680567855535176
ITA,,-0.0041778567650484905,-0.0014181169500954917,-0.0009325109239774847,-0.0038064457532188236,0.0006874083514632354,0.0024877015000536232,-0.000817934886587079,-0.0025411628307743703,-0.00011493111243872744,-0.000558927712716868,-0.0019886799250548462,0.0006719705987519715,-0.008771712058971847,-0.001232760546541732,-0.0033807360065620904,-0.005996186389533848,-0.004738537370199269,-0.0022227614595425227,-0.001403140229571103,0.0002634396601715214,6.423763757729723e-05,-0.006411199084931185,-0.0013718073742925443,0.0030363986884038782,-0.0041126815319016356,-0.0023444152367484033,-0.005468565341417825,-0.004486319948438479,-0.0048904609752955875
JAM,,-0.01602695222745738,-0.010391876949974893,-0.007396182142264127,-0.013810653366886947,-0.0014201113089823427,0.006059729232186391,-0.009798724814597369,-0.0010931348448078733,-0.0006544965273873335,0.0009533096880521912,-0.0014209420519647664,0.0008051070816359686,-0.0042102351209008255,-0.00044145688792814676,-0.0034910755584621578,-0.003958017980884349,-0.00039283990007106767,0.002257243461236127,-0.0028947768167384737,0.0011192057711286306,0.0020752771130120038,0.0014523271127575034,-0.0012765134277690766,-0.0029805407408690005,-0.00570737432544348,-0.0019506381849786927,-0.0022289474613089643,-0.0007052115192117606,-0.0030315543003055305
KAZ,,,,,0.013339651777359999,-0.005760964555056448,-0.0018113235139950547,-0.0034565843672235337,-0.005187650837749761,-5.159450813786483e-05,-0.003020745137022481,-0.0023061244657159806,0.00047739621625213804,0.007059593519017045,0.0001773913877312031,-0.002172072451302448,-0.0031941922469635323,-0.002322495950924862,-0.008252971617827398,0.0007970120535535002,-0.0012809012533312144,-0.0017751656690521921,-0.004274068072648372,-0.0005535094912516728,-0.0023858872417263657,-0.003775280035785418,-0.0001823488623114731,-0.0008564950241624807,-0.002597747014014664,-0.0021973066195335074
KEN,,-0.06326658560173931,0.12070729134745233,-0.046169030649291086,0.05544957882335523,-0.0507893744392005,0.012034237453305585,0.006571801254588209,-0.04647769009758895,-0.02822732237768044,-0.10620642277750673,-0.07105358500114654,-0.10711326629754578,-0.11673196461359912,-0.06690767649940235,-0.05790049968222003,-0.03494897428359615,-0.021065657018777106,-0.056248916545984115,-0.14345424825176223,-0.07425411250222179,-0.12278616164886466,-0.01912500677652174,-0.023466899070626074,-0.05252473171012109,-0.06221643843006693,-0.07871102615199575,-0.09045757283976426,0.006176204575818267,-0.08322087544786434
KGZ,,,,,,,,,0.09732344976683657,0.08667583167940111,-0.08869538788919797,-0.12044291502550603,0.02803156260238626,0.17337020360231592,0.009912166932546556,-0.027115259494624393,-0.1333781143224657,-0.18336711472692768,-0.4101467187951421,0.10392426505258685,0.07708466289731503,-0.15492359542575912,-0.11860125598194529,-0.15271729456098176,-0.13728752457160032,-0.1191288115634072,-0.019728045714614686,-0.026198082595190072,-0.1123042374471879,-0.14259351377283508
KHM,,-0.04546204270217495,-0.05929252218090038,-0.023667462928892383,0.017398502188517878,-0.0252045838327737,-0.00026802460019526773,-0.016556201114047917,-0.03185959340097384,0.011854355736430107,0.02027591883003037,0.009936688350697165,-0.012448285014246037,-0.008777065907783956,0.022441723730097354,-0.01731769286964219,0.02289889534205446,-0.01537405276244366,0.04015681389286738,0.04696532952155196,-0.14729459762733976,0.06000130332413485,0.030729639631897766,0.030988278491148828,-0.018562853571420693,-0.05230589007010703,-0.052367725010540746,-0.005064980163461853,0.03530536561067288,-0.06688016195741692
KOR,,-0.0001019579543237065,-5.262547888818993e-05,0.0008639709813502603,-0.0010857049673535424,-4.7529019615191665e-05,6.29222105976097e-05,-0.00033958456405476197,0.0001427546329873333,-7.193420238407936e-05,-0.0002985714029213433,-0.00016366221662210135,2.759509692445401e-05,0.00024427167432351316,1.1290486810035029e-05,-8.589480923312973e-05,7.860817895734756e-05,2.5840467574146278e-05,3.0854190721899665e-05,6.666857934738728e-05,-8.14272891791116e-05,-3.534029718915419e-05,-6.451961357552857e-05,-0.00010962509996700605,-0.00014032595060831037,-0.0001836825153429931,-0.000183805704688582,-0.00017650790006291725,-0.0002563389372648705,-0.00018882570611217567
LAO,,,,,,-0.05096798781446045,0.10648242941687218,-0.03984777637429056,-0.05182446468390297,0.017542888177002135,0.026077012353636752,0.01976582218739168,0.010849408479909768,-0.009913736202690055,0.015672829177064918,-0.051452718647213416,0.007541087528215713,0.012102148550026651,0.15498028009831097,0.03596603016801621,-0.25880880261351846,0.06870811075322675,-0.013485790535993754,-0.08523381715150763,-0.12920243641969562,-0.186257569004716,-0.09066873275509066,0.02868329939334841,0.03628925034313114,-0.08866261146415118
LKA,,0.001975346907733947,-0.0006582314384165311,0.0003185028851834071,0.0016092089229058333,-0.0014322853255533806,-0.0014432027340677688,-0.000742381536983358,-0.0044318748658806785,-0.0011247483285298555,-0.0008169255250136595,-0.00017756496939616716,-0.00022708308386117364,-0.00038724203048284367,-0.0006045269515274846,-6.481135345808791e-05,0.0002801847176398359,0.000390124468759015,0.0009678415664889188,-0.0020235824693969236,-0.004141450465804269,-0.001754238814856199,-0.004195001100719832,-0.002130434784752732,-0.0037000007496538674,-0.0020690783269254336,-0.0042931647518163986,-0.002539044350401444,-0.00299217484418325,-0.0027758173972692777
MAR,,-0.0014364276752263448,-0.0001423008711306744,0.0009755563161580221,-0.005174022308707356,-0.0006396438325053112,-0.0003952313034974031,0.002711010837607115,-0.0003044183226498732,-0.0019098865048649014,-0.0012188347546516713,-0.0011257749149142819,-0.0010236418149709666,-0.0022745857662365586,-0.0008328091327154593,-0.0013780883926339436,-0.0035818214797766483,-0.0009890328665001845,-0.0027210845761946314,-6.353770152797831e-05,-0.0002814145612716752,-0.003400979189220021,-0.0016729268634430902,-0.0008603763933253625,-0.0012177950358568405,-0.0007999609765418663,-0.001170265383234998,-0.0017697195333021547,0.0004423245936414938,-0.0002563591323446096
MDA,,,,,-0.897540819390243,-0.12279956116548377,-0.1144091025847569,0.9932622602746762,-0.1409666201912033,-0.5826341109270996,-0.3311026530739124,-0.16708351855853687,-0.24085363239568863,-0.21359328674895442,0.11433234371692172,-0.07279419118050899,-0.02409508996838242,-0.6906297322736105,-0.22913976001352893,-0.36422382353744076,-0.29470693471418,-0.3056103094153992,-0.2908322446455526,-0.08951264877272352,-0.17361871430347464,-0.25519074112731993,-0.24344482342428644,-0.18905294631556568,-0.20266606849142493,-0.3402689190063524
MDG,,-0.04656377567866932,0.016424588997511442,0.016298502623622504,0.00324689053817636,-0.010915693335521575,0.0014922619307171966,0.005030252230787736,-0.03157231743344481,-0.010947897403812105,-0.013784438313030431,-0.011885915306170173,0.003329710639783142,-0.024951413629808083,-0.024217723708166643,-0.014007135222776418,-0.01644427319120359,-0.008289760395158054,-0.020495471737019176,-0.015615011039743706,-0.04294769808812347,-0.03873486834319822,-0.018899762260590494,-0.018841285356535138,-0.020263816136991658,-0.009349509469232006,-0.01764837577817815,-0.013473477102234939,-0.0017019771406999115,-0.007695470077193416
MEX,,0.0043930415966962465,0.01874798290764231,-0.007286906821221518,-0.05143355326987102,0.03264710404795128,0.008246232207534737,-0.044740851584602705,-0.0478465119612857,0.005354449046181651,0.0013606104546758395,-0.0030759366123367968,-0.013636698588832675,-0.0034031663707852914,-0.009693731456910349,-0.02698879202296346,-0.01508887122264195,-0.0032071976106712403,0.005870402440869691,-0.033947584412616146,-0.00097687547461242,-0.025029467340176137,-0.0202113089987002,-0.011298359833847735,-0.005859072958482641,-0.018078758532575488,-0.02336529796228568,-0.02054961441743809,-0.015143128354615313,-0.027938397222188896
MKD,,,-0.0034010558511711796,-0.01657056706179246,-0.033940569450943786,0.020824819358945593,0.003475490867553503,0.007483886127302566,-0.009691466001021257,0.0011052563620260489,-0.017557253828445134,-0.007361860025800635,0.0017240213286521878,-0.018851450968149663,0.005297296475346497,0.0035614831192690268,-0.006090831957243423,-0.023832893811696333,-0.022236320572798965,-0.0052075452068738315,-0.001967256718788295,-0.011121773556547797,-0.02539324902826905,-0.008842446157795284,0.002857872137291863,-0.010780562624239973,-0.00459455827185837,-0.017372189949898056,-0.0014675239995287298,-0.01913845568165258
MLI,,0.03805423437179055,0.023728007698512788,-0.07125818037411999,0.08796336347015568,-0.0169117401205361,-0.006929312111114686,-0.014704661111392535,0.00035236309652190534,0.11160610956381868,0.01551715344518561,0.0061348686191863245,-0.06710724953293974,0.03204189617116394,-0.04090161664278357,-0.049405749566927844,-0.09591852360245864,-0.0890045917672899,0.022950523229754202,-0.15013657826917082,-0.007439539673277263,-0.1253903905219447,0.030794383708192773,-0.1427818969436361,-0.09549138639403422,-0.26787169349036954,-0.11775564681927267,-0.31371165602037565,-0.12467092464417927,-0.1125688133692478
MOZ,,,,-0.08824544820222797,-0.8254335224954307,-0.8676379275671853,0.7797176149165567,1.0150275437323097,-1.3860949481765046,0.5982412637096489,0.6226940191530957,0.06110370269852229,-0.215757432042735,-0.3854146408288831,-0.17369418669106426,-0.4596444174617902,-0.1260317673476938,-0.20657563401216325,-0.08168342776267136,-0.2394728037889063,-0.5171161258365197,-0.07882977377578176,-0.08780013977144799,0.058180280204606354,-0.030167401632874232,-0.1285516363305171,-0.11732914295542504,0.006556250257365848,-0.04553682603476496,-0.04745207564410322
MWI,,,,,,,-1.3204628106442007,3.095511327971332,-7.278544351253094,1.2803273205630878,0.9117469193705716,-0.4748128199664183,-0.2614094757741824,-1.8984006205979884,-0.6149622636096326,-1.9175061697006706,-0.7169937512058207,-0.3239325284336618,-0.36623325479793656,-0.7746677944644476,-2.1165480321669454,-0.47085392397298187,0.2078646440283563,-0.1409828197908588,-0.01833494155358903,-0.33928403726083045,-0.2465780777986432,-0.1107115268364981,-0.0963056839931698,-0.13497793956912021
MYS,,,,,,,,,,,,,,,-0.00013272854602186908,-0.00020027900096718668,-7.910786634858774e-05,5.002802735653656e-05,0.00013496089683904622,7.719945633865136e-05,-0.00013238329763145447,0.0001934533528123124,-4.24696323686619e-05,-1.8656716019762533e-05,-3.448268259893637e-05,-9.093779630107076e-05,-0.0003017416721368226,-8.813902309335521e-05,-0.00013337659848770952,-0.00023294384264738356
NAM,,0.02474074718133771,-0.021891009341420443,0.009892460958750736,-0.005268359929534045,-0.018585739759409164,-0.006229554489954875,0.008496200167132673,-0.013708851410975564,-0.002948675729122596,0.011128067855245198,-0.006158381438884173,-0.003542244217756596,-0.00917358628921137,-0.001709036451182172,-0.018258665642219736,0.0019320946551572011,-0.0014024963571886045,0.0007808460820435669,-0.006966184180498354,-0.015081832442834776,0.0003819394760813011,0.001179170913794647,-0.005034728740627179,-0.0003946249858515918,-0.006872043133044667,-0.008228861172165598,-0.002278948431283967,0.002489704067552496,-0.001952914815543388
NER,,,,-0.0025769577060641416,0.002994914019211523,-0.0012368192161954276,-0.0018361824424014716,-0.0013146054784281744,-0.0020148594261276496,0.001208892025715602,-0.0010074780358977178,1.1540362661318716e-07,-0.0015392709031679984,0.0006954280771518791,-0.0029091070361456904,0.00020844093087751751,-0.006221518047505577,-0.002692426002397326,-0.0011634258282769293,-0.0017626017000120374,-0.0028202746930241296,-0.005611439789923966,0.0033317880258995035,-0.00385587256725562,-0.025297756067476494,-0.012540473690854563,-0.003860413414038482,-0.00785603177287743,-0.0002179677814089066,-0.002916045770140097
NGA,,1.3087001155642637,0.3485276931598339,-0.11593556599644898,0.24459007035900104,-0.11426820825171677,-0.0007809239603448347,0.04097921693269813,-0.15824235552111754,-0.04778436706035862,-0.05362333787539263,-0.011480466563919815,-0.07753080553357582,0.0017775339621749677,-0.0006524220441152179,0.0039822985608826775,-0.08111708379703264,-0.014490948733937158,-0.02221873617068339,-0.053149222272909954,-0.05389463269963854,-0.06288380364864576,0.023285948312925908,-0.023585945607850118,-0.07209094179304684,-0.0806026795115471,-0.032411128364468716,-0.021025869542214838,-0.031074621500307112,0.002743865564953507
NIC,,-0.2306131754842131,-0.1367901344990339,-0.027385968260368033,-0.21465757519475012,-0.06999496015148242,0.16234430609595418,-0.12361584807644346,-0.11496893276575651,0.07259999234915274,-0.012536758269988601,-0.10511985754930109,0.04294207828306536,-0.008258809755276483,-0.07273986427690071,-0.058614729841884906,-0.14110135187733255,-0.1182162002864109,0.04033564591285313,-0.03638993288418003,-0.050566610563680385,-0.013730700933081687,0.009573654731331187,-0.04379511271157891,-0.057725927612552574,-0.020083210914755657,-0.0694578919071542,-0.015802640641216528,-0.0019277902789806122,-0.03276769020231539
NLD,,-7.214410010103685e-05,-8.814642237493606e-07,7.781863246644542e-05,-3.1950346342470685e-05,-0.00011549200006417951,-5.251692182549979e-05,-2.2012724632899688e-06,5.8246768089323085e-05,1.6456844738163567e-05,0.00010676926657857803,,3.686420337671262e-05,-0.0001853584748208166,5.6242330842897154e-05,6.086128998867146e-05,-2.9335601348979482e-05,0.0002937359736564478,0.00017420171263703567,-6.307398665327018e-05,-1.3635725405353603e-05,0.00019020906182830826,4.9149165260218934e-05,-5.909200086974802e-05,0.00011976341063097562,-7.6036820982802085e-06,2.4659958222739104e-05,-2.0178456676223762e-05,-4.849312153526574e-05,-0.00014705722082041385
NPL,,0.0439162438332805,-0.15240061155165782,0.07644313117516621,-0.15090830507263872,-0.250931876732582,-0.022034267189298254,0.1677277844427363,-0.0500578686539053,-0.06475659305919729,0.05944770564679155,0.08434477137653229,-0.078856940518787,-0.03299209188423392,-0.12520271859946447,-0.16568611485967985,-0.1030925420183813,-0.2878218665756295,0.05851303586311424,-0.3258395998346215,-0.3431667826493337,0.05581986168266849,-0.24029917736483353,-0.0592049439146011,-0.15579974598917068,-0.08705838397819453,-0.17577408321444601,-0.09107012207729467,-0.11363550448952431,-0.16580700977744095
NZL,,-0.00010681371260685266,-0.0007437880621276442,-8.816862069663473e-05,0.0004058240488094963,0.00037747075567257327,0.00035832100938004366,0.0006133713459906775,-2.1974717005338786e-05,0.00017951488547206972,0.0002995513152387672,-3.735007923286148e-05,0.00017182903019499803,-0.00029496901138541986,-0.00020960634435422695,0.00044358349638686737,0.0007948933530512124,0.00010429384393179512,-0.0007357725634527077,-0.000351742536151637,0.00014975815697828123,0.0006037189699485613,0.00017258345069957426,-0.0005406206820311349,-0.0002799211820570925,-0.0002483893159419162,-7.025714351924047e-06,-0.00024491718526648416,-0.0003125896736140171,0.0003986932143948616
PAK,,-0.023151065968203315,0.06148580259103879,0.02213813170382674,0.02802132046914308,0.011869794204336908,0.07227312779880614,0.009980432616939573,-0.03247966472015565,-0.046636418084178885,-0.016827750646025437,0.01565710468606558,-0.008713413477450402,0.02446194573590139,0.02049252130250065,-0.03400034954444027,-0.024388327761397245,0.039985893180527164,-0.007478663112087812,-0.03410261220154668,-0.0023141411223028493,-0.012677284501797705,-0.03429876803212488,-0.03206203789831173,-0.04010700786942785,0.005424996560676146,-0.03386076907726401,-0.03100702766371678,-0.021465061493413977,-0.0109424878018866
PAN,,-0.012960460308156577,-0.01771464302532114,-0.01811130962801436,-0.009931642890519588,-0.0012222761922607889,0.014853459766869635,-0.008816049236435048,-0.009189077911908934,0.006031029093917227,0.003922609440776044,-0.011027938013531892,-0.007852656318491502,0.002198313490094537,-0.001675629900978482,-0.00019928914577176384,-0.001835258730601565,-0.00036774449263814673,0.004173168866533921,-0.0021502011453383083,-0.0007730630885187531,0.00028799546564348426,-0.0011640561640669832,-0.0090771783481931,-0.013242363011802344,-0.007985290481068278,-0.00943602646262247,-2.626413834696503e-05,-0.006441830438269565,-0.007019158972259101
PER,,-0.010972638816228187,-0.016099971035914887,0.0118144125285795,0.00535729800667301,-0.0008540777908237063,0.011270921474207562,-0.01446906057698238,0.0018463254785847693,0.00578881195469796,-0.0016240820524647075,0.012403730159238558,-0.003152305293083104,-0.004939316384288509,-0.004710184447249001,0.004123202249196472,0.0011726450259116243,0.004526945617552095,0.0038140085299451514,-0.0066254726012710975,-0.008786560643938453,-0.003306748046060998,0.0041057317007366,-0.001644523004843281,-0.0005770616912269622,-0.010077407200070769,-0.010864978947897804,-0.005215638673012121,0.0005311281276779055,-0.007784984103682071
PHL,,-0.07910305483030326,-0.05424062275804027,-0.10850473594782681,0.006023329127077097,-0.00025014051164714104,0.043721471463997255,-0.005638108247293403,-0.06338364875623985,0.041731699651722604,0.024743883031445875,-0.0012047090222340288,0.01197910446769778,0.014113431841448212,0.00771379635912515,-0.011054888906669107,0.012639856495530942,-0.03252142100807823,0.040203694121002914,0.042101442048890034,-0.013414114715219182,0.021943558894002336,0.0006994126415300758,-0.011508050760706382,-0.03863667676582872,-0.03171257772526306,-0.05147128210058491,0.0023028893055494,-0.015151054324879398,-0.025913612291926482
POL,,-0.00023144199310215122,-0.002175325425045085,0.0002822589649514068,-0.0010743793392261989,-0.0005906583257971034,0.00037689084951274146,0.00031887807452117713,7.435405177797363e-05,0.0001225026332858742,-0.00034324161017050667,0.000870011501545541,-0.002327705821237058,-0.004356725810964593,0.0004391582218243944,-0.0020362377489837012,-0.0014796648257709797,-0.0019837439691024637,-0.0019054368409967407,0.0013888169657685827,-0.0016080244559598471,0.0018907456537568953,-0.0051509245721730315,-0.0016896176394796724,-0.0048381772533478435,-0.0076184316882519035,-0.004073886087592002,-0.0010793595205310892,-0.007914370131283304,-0.006278708560624916
PRT,,-0.007222217661444755,-0.0011460333760289466,0.003207949713436963,-0.0001962943494677633,-0.0014583982649309568,0.003215758857655484,0.0037964434932624214,0.0003461194816683447,0.0008151024772326704,-0.0005462001832573325,1.724264996980465e-05,0.001736921901284532,-0.004518839452617383,-0.0033209119228327305,-0.003196777646063922,-0.0026622977260652224,0.00193413616732934,-0.00020107902356037008,-0.004533996014192022,-0.0020937544632865135,-0.0018869803447414478,-0.007572469929371013,-0.004072958091657439,-0.0008285459789181453,-0.004891674588255965,-0.0030835373562590183,-0.0062955270611764706,-0.003234823987452615,-0.004224290213818658
PRY,,-0.014849280064800137,0.10490572736578431,0.0277020882167178,-0.03270199358934882,-0.050037865764481264,0.05193878316140714,0.01940714504403137,0.060076387750652854,-0.08048575660118557,-0.013369520810673316,-0.015691504095428715,-0.016415067507349328,-0.018829942210651752,-0.0008093332852693652,-0.0012141585550135589,-0.059250869264939915,-0.05152486716983748,-0.029509511114256527,-0.02416423592902392,0.0026276731723592953,-0.03518920653297715,-0.23993813331652153,-0.12918280463883813,-0.1151464733313409,0.02106856001948958,0.03275192481142,-0.05442534282014939,0.02207107048352018,-0.1591427609776951
ROU,,,,-0.2684491231663253,-2.7958580375848268,-0.5817446566431134,-0.21969935454547937,0.5831959800603826,-0.2017277826556214,-0.1466228875357937,-0.1741749974592048,-0.06806405432648306,-0.0813934045342471,-0.1686378992460091,0.050682434287712914,0.037030144437530325,-0.025750514067618115,-0.10737681000921827,-0.050631091588365415,-0.07537344532619894,-0.05716119960213163,-0.06980610628519045,-0.12153948769366017,-0.10379885191796677,-0.03527562898662351,-0.08733714195861522,-0.05345431396797676,-0.12630270101583527,-0.10379045726194117,-0.13976429019216108
RUS,,,0.734293190059484,0.2863138533305579,0.012194563403554043,-0.012780314336970503,-0.004215364388426169,0.0008358925367784765,-0.004423114079689534,-0.0021504345405803627,-0.0009721351157115542,-0.00044011443708208653,-0.00035431397831504414,0.0008111644995333272,0.00020961517280926813,-0.00018044723722285402,-0.0011412415925911826,-0.005168108016139682,-0.006103005637171449,-0.000568318973917567,-0.006099588726251422,-0.004634580790942775,-0.010512209716181485,-0.002808781817483124,-0.006832616864365155,-0.004202748130375763,-0.003532596755402541,-0.002627711623455979,-0.0039348878659660564,-0.0020640376912601835
RWA,,-0.06521287803343528,0.01215556258675208,-0.15582052126360402,0.04490253131897339,-0.009120648316871316,-0.04379606540131448,-0.013410572087677392,-0.0331631294385198,-0.013707436505916158,-0.013086387683758163,0.015930347217657872,-0.028327055704020554,-0.005019298500594232,-0.0023395818256771316,-0.03141466130292487,-0.029704815820472397,0.004723265789670827,-0.008881507863482359,-0.028836150079021815,-0.04065165533807048,0.060570642712893155,0.007642725380942767,-0.059111793398622804,-0.03838146022496253,-0.009820966800459916,0.002001207358473793,-0.01874582332703376,0.013938775904526218,0.011051759940324528
SEN,,-0.025090362263004904,0.013945470960865009,-0.024467356411093665,0.020084534777103067,-0.0007097515377584594,-0.01178464464651804,-0.015559858641368877,-0.004452206012875352,0.003085509610421854,0.0040585172964850025,-0.00892382119244574,-0.01809881756796921,0.0041171696475649205,-0.028413478486250393,-0.024451586050869528,-0.02737353158336584,-0.01853789394493679,-0.008006892483900477,-0.016687063796394806,-0.01097499277051215,-0.021735913782420815,-0.011208334661594863,-0.0273924110338002,-0.031193875452711232,-0.050921196816656834,-0.039976308340843175,-0.056006621595907476,-0.044857944786558634,-0.061097465569069184
SLE,,,,,,,,,,,,,,,,,,,,,,-0.1285269354735716,-0.05899728988883624,-0.01523770851998233,-0.0118718852823636,-0.032659049046703845,-0.011138162865813848,-0.010485710697075514,-0.0169273689763753,-0.019068166961159996
SLV,,-0.05783151767368841,0.016293597763010415,0.04118665739980021,-0.06895325922471753,0.05358429539130048,0.06785480407397955,-0.048296328873727375,-0.058500377764735004,0.05569592429403563,0.02796106383466848,-0.053192425347197994,-0.041582026237126174,-0.03786036765316593,-0.05464800655670534,-0.027632380719710692,-0.011455442777998294,-0.040697066679266196,0.015311379426071652,-0.04446356339956478,-0.018382897094799802,-0.0425474709022516,0.005679685802464927,-0.027144877941034002,-0.05618065449038694,-0.08819309518633536,-0.12048919037921449,-0.0753474414047995,-0.027845839567278163,-0.09545099248712004
SRB,,,,,,,,,,,,,,,,,-0.09005535880080905,-0.2517257106135073,-0.2562118704244781,-0.2148716775412925,-0.04855008699282559,-0.2676693662827155,-0.22472575230883243,-0.17794263948726105,0.02719920906040056,-0.1863586313111027,-0.08426642849891947,-0.15229084816043584,-0.15423476060125293,-0.21355917252490164
SVK,,,,-0.0007594450320655586,-0.008776677298589814,-0.0004411524753855208,0.008634454241234586,0.0016390113948864312,-0.004619212183350707,0.0028637690263316226,-0.005027594009825858,-0.0014963640903417617,-0.00406404218458912,-0.012342944550724185,0.0022403158436168046,0.0006166793756762324,-0.0035966107412405374,-0.011650562445759753,-0.00676092436884155,-0.005083192813147117,-0.005455515532860068,-0.006273786157532704,-0.03007555013270841,-0.007688354494513043,-0.006794921027667511,-0.01364530332083462,-0.008884895211623537,-0.016485727453857426,-0.020686962766568548,-0.01719174694756343
SVN,,,-0.005243794987038296,-0.003397335198161418,-0.006315435026859925,-0.0033657093893405777,0.004274885223429507,0.0004886364290845099,-0.0004322935005263435,0.0044496513725612585,-1.895601538528438e-05,-0.0020911058793753688,-0.00037209726021428767,-0.006718890469157222,0.0016106634116322403,-0.0016111141482853678,-0.004791299870467757,-0.005035259407153814,-0.00342937639769041,0.0028589535940343885,-0.0014351560279093954,-9.100212375514899e-05,-0.006739140218953688,-0.002767541209238737,0.003180484177389537,-0.00638975535283587,-0.0027612409098575746,-0.005328371899667219,-0.0013303442042608576,-0.00827144614128155
TCD,,,,,,,,,,,,,,,,,,-0.04133410431322783,-0.06435781083725983,-0.13825601741254248,-0.04433135230331417,-0.13575199782905922,0.06578651030608547,-0.0680262661432082,-0.058057529962324154,-0.10192442148743149,-0.03371857444968951,-0.04101783036457775,0.02547106004324211,-0.001613774243729806
TGO,,0.2336421471072978,0.07183785308149757,0.04043161558006145,0.12252693814869477,0.0049451784989649715,0.04451648516746856,0.1353110900117766,-0.15980933003126926,-0.057811412467525386,-0.13938297341668446,-0.09276423673984334,-0.12758062505862258,-0.09087662502739474,0.09532771785621211,-0.12522236934144892,-0.2963507380446302,-0.09666115016402614,-0.07533735909158033,-0.03022396412860856,-0.3012876049062839,-0.2619632272050842,-0.0005334152410083109,-0.06948971119246809,-0.35378644212311317,-0.4210391238990173,-0.3007017551016019,-0.23374263809452797,-0.24261591324211074,-0.09160719323058787
THA,,-0.046713734671760494,-0.0550030289424346,-0.057707375279147176,0.04357111180350199,-0.022782521364993088,0.01771112091619024,-0.036091123635540616,-0.044432562432788106,0.03271547509788483,0.028779785754634746,0.020850680971643647,0.0048396783175363445,-0.0011756952522002854,0.018439032384827414,-0.0022147339699203857,0.015948730873038847,-0.0008215905685257532,0.026885699364702025,0.022806314079679806,-0.03995411014375637,0.025290099780541423,0.0166961452411127,-0.0005579520396757253,-0.012811584570936351,-0.039266415139627205,-0.017032372697056094,0.014240980679139217,0.015332748313642312,-0.028748547939999553
TJK,,,,,,,,,,,-0.04334802938386378,-0.04072373918976396,0.0026831407542953346,0.06638154614296371,-0.0016935737912424594,-0.07969707725186803,-0.08973840610942178,-0.055605199275492935,-0.16398213919408297,0.020091187974597413,-0.02121840384946398,-0.09837139832184351,-0.05772519190009098,-0.040523190000773895,-0.04617689651284644,-0.038367679141251394,-0.02468307844250002,-0.025124063937649037,-0.03154897687984536,-0.019657998113168693
TKM,,,,,,,,,,,,,,,0.0010879934299847867,-0.0019970435279947373,-0.01826550042344777,-0.0010051172071469793,-0.0019205355067239906,3.18857268281182e-08,-0.0023729187021866442,-0.00263628452900746,-0.008058898716325702,-0.00592594501517336,-0.015632152286298533,-0.013328611468648034,-0.0017678897596169164,-0.00213092994758246,-0.0021595342923574354,-0.0017765421906847797
TUR,,3.185984323438847,3.270242427332342,0.08834938847362678,-0.8633191544175384,0.060954654984603444,-0.05039599733005722,0.0936714617502604,-0.0870649826391941,-0.020653277333824917,-0.03839494477063703,-0.025492284887556765,0.0006520079183671585,-0.013806517225631098,0.0001345154950392811,-0.008373513601906971,-0.020185875978764214,-0.03213461287003967,-0.03150271544255732,-0.0016529894371064423,-0.021564606497209267,-0.006340077968950696,-0.011994185240651429,-0.009766442582464428,-0.014865283457302536,-0.002364216794083359,-0.009736065471880632,-0.008874040840996137,-0.004061327483636266,-0.0014277981413512064
TZA,,-0.6522779099767633,-0.4041511502208246,-0.017348454551129565,-0.05711635588035165,-0.103035994602864,0.03054761681214637,-0.03143537419515498,-0.0030999317171421592,-0.15370614406890137,-0.32183554521914104,-0.09013236579355151,-0.052436565896963425,-0.3357098474539027,-0.11966050298338633,-0.17380573738875077,0.007534308140834823,0.05711973804266978,0.19698799484779134,-0.036041842616430585,-0.11725164706623986,-0.0861784888891452,0.03580836627009383,-0.03272874543279395,0.03992861107141217,0.006931475334809065,-0.023352614432598628,-0.062496191843613526,0.04019643272970162,-0.04542967829944904
UKR,,,,,-0.8564415300826186,-0.17679907379972146,-0.1449993261154424,0.44264181368959155,-0.09205480015397843,-0.13701446919747093,-0.05702689892920098,-0.09928626117143051,-0.1480421134538329,-0.03496625107800575,0.13502645265742347,-0.06014587962945826,-0.004827697770516308,-0.4838932890220947,-0.26429157710398093,-0.20397400022285914,-0.343359525611364,-0.30409702218412765,-0.8388460434096622,-0.4821487786598306,-0.4433880832405945,-0.3418471901204447,-0.27948425521001047,-0.2217405776631984,-0.25237972515569407,-0.38268558746455744
URY,,0.035592146251694046,0.016442968436227747,0.008297119428758232,0.004181635772779695,-0.005756444815047954,-0.006925047542898971,-0.002930830731262627,0.01733538212288237,-0.002832347011392773,-0.0016535199007172775,0.0007841617703114876,0.003499551352133183,0.0016039194250069124,-0.0037583560891406753,-0.002651225790599705,-0.00332801842664038,0.003962977121623853,-0.013927219636714429,-0.009310255907802227,0.002963119707695281,-0.00492738614788696,-0.01702770116849518,0.001827748255760495,0.0011169075278111772,0.00390473395457849,-0.0031710638405905768,0.00154358744287864,-0.0023347192919744237,0.0060700923009804186
USA,,-0.015107979109921073,0.02953316280244466,0.011809830629791199,0.010463452907172613,-0.002912827629066586,0.016794075763890425,0.010936929039016064,0.0007663719575834331,0.0022637162244136537,0.004204781483359849,0.0020513629061833026,-0.009898362569482122,0.004472900670479207,0.022101320427694204,-0.01153247385343889,-0.008173600893003723,-0.005486314232160093,0.011503048947976543,0.017005494577383446,-0.004694230623498408,-0.009794171746672577,-0.03083282146304783,-0.0009996901750280742,0.011306836205856161,0.005040488314563127,-0.005774194861992829,-0.0007176564876726304,-0.012151688611077608,0.0024454624393260922
YEM,,0.006277191388036403,0.04037540782860705,0.01452098660441591,0.012004396121793486,-0.006368185115369285,-0.0023100826398872567,-0.009702719888146628,-0.0033705088339089145,0.0058756947478856006,0.0006863414705113226,0.0005543604874166013,-0.00538269316037856,-0.0013956636200210708,-0.0017259506027317833,-0.002244230089183126,-0.0021532502000917797,-0.0017104840320781283,-0.007993157762922788,-0.007175581204262616,-0.003606370669438863,-0.005655203528082784,-0.005720372595149949,-0.0059041938710796245,-0.0023936479437966854,-0.007691091279195148,-0.005621519297334862,-0.006712363637712519,-0.005158585868847582,
ZAF,,0.11701516811239171,-0.1904897086193018,-0.003330046651808549,0.04474695946891926,-0.0022566248653505994,0.21480147170357825,0.08172223100819696,-0.060684792591464726,-0.07854809492752045,0.1523612771169198,0.005004242298246196,-0.042754102663336645,-0.1311893204050769,-0.059698912285694294,-0.05001286136222242,0.012562848373572763,-0.06011034270517851,-0.03985138895486469,-0.03846820277486545,-0.03369694960864708,-0.003321344737604611,-0.09569660522077374,-0.06541187798909523,-0.02344006251569886,-0.04398468793322328,-0.04495928325597255,-0.0006648921457045982,-0.0470856216867618,-0.052708878644382694
ZMB,,,,,,,,,,,,,,,,-0.25905785190965747,0.04266915502285921,-0.08634839653650893,0.013311398727601585,-0.027555694727954303,-0.1293968781601801,0.07104084089954713,0.0005687378282375226,0.04827014675621244,0.017286847711423,-0.05898146080953215,-0.1010279694890583,0.016021182717087783,-0.002689586306180508,-0.028803187099532838
ZWE,,,,,,,,,,,,,,,,,,,,,-0.25728975750606864,0.003762512863111041,-0.09639899795695267,0.005821257199484357,0.020572736405965887,-0.07458178020115185,-0.09264901242511894,0.09966226200254694,-0.0817669590851033,
