country,1990,1991,1992,1993,1994,1995,1996,1997,1998,1999,2000,2001,2002,2003,2004,2005,2006,2007,2008,2009,2010,2011,2012,2013,2014,2015,2016,2017,2018,2019,countryname
AFG,-32261.689583292384,7583.373336396722,28806.169910801695,26526.663875993505,-6834.843409731653,-11814.841617406812,16362.049729519698,-4387.41251049921,3766.983279772837,-14835.313670826918,-1126.9330475631107,-4356.116661022235,-12194.347377094624,-860.7577139966913,-13956.607700436516,-13249.612131810904,-35061.37272105092,-13077.55686288699,-31590.603976363644,-16442.861616710547,-15542.45694755575,-33253.28004881777,-17058.309977112283,-29181.575149798926,-32521.525456990348,-22454.932215567478,-25774.733622044838,-10993.248566304486,-8374.433766953001,-11708.152435637838,Afghanistan
AGO,-5377.359363000633,2312.5617638729573,4983.021819066834,675.8162783027306,3629.5530179718776,2568.5066785464846,9407.63500914009,1403.1890248712707,-6662.314586755167,-2946.700003568468,-7765.330590448165,-11196.784758493928,-14981.989439102112,-7935.426012227277,-7521.079972785469,1337.2171748042506,-3909.1450500168517,15556.863625176922,16613.81513367821,14197.951048571444,7288.31713627751,35706.240999623784,10394.140476919221,28784.31013869504,34306.34465884825,-4406.418892563124,-55455.30819042482,35686.61429398708,36995.66859870147,36380.11058534485,Angola
ALB,-3046.280945536078,2905.6168043562134,-970.1905944590336,-6581.587032463439,-18162.648311502013,7914.608241626826,6364.891859198234,-354.55266692730055,-5386.641573371661,-7176.980777587448,-19432.352206402385,-5358.104024573919,678.2120664973222,-18833.05880307942,6883.76890602471,4959.971676883718,-4710.814608253279,-20670.899310164208,-23067.4544047481,-4352.829360221174,1132.354128482238,-11147.513246421542,-48561.33245549541,-14631.142831493322,5804.307604960393,-29440.70598518379,-8647.253165051883,-46943.568648835615,-14742.856856266219,-41019.70687237165,Albania
ARG,227374.06429563373,263102.0275805054,441244.2292726118,60952.96833588814,-177761.68617271417,-345527.48344238015,-85027.36408539633,70278.91097761515,1932355.871173993,359971.6532688884,683605.9620217814,-218451.8373172745,511433.07917253644,-543778.703376699,-509989.3939230094,-9088.130914059224,-561855.8003752509,224411.16421131208,-1612778.4344996274,-1302701.1864148094,-637388.2527313903,-1158242.0830026635,-2015064.4752729374,-1394084.9299524287,-860655.0518209558,623736.6640319424,-7827.016130634475,-705162.8438198868,-2905046.61243474,-509817.2895405774,Argentina
ARM,-134.03517297001557,-84.53872094257629,202.47006103376734,97.22722748104829,117.63804302046856,85.41013053280066,25.488044900847544,297.9332189101486,-135.84659165595792,-194.09332352147928,-576.5526257119087,-774.8130921820997,229.789361009373,-336.0071666565372,153.7443520890965,109.77594253706779,-703.5899447296589,123.4425791811863,-919.9151717903794,14.203238052523862,-413.661402067007,-496.99318063358544,-987.7007055644575,-518.8271268949578,-1553.0089027490592,-838.8149359487735,-901.5942029902669,-1041.2260718780783,-612.0381764401242,-367.1790355657683,Armenia
AUS,-13576.835603353811,-8557.78310223904,14919.71789667327,3516.1450974931504,1666.2637324531293,12180.295251448819,16727.593857444303,-11591.164987492584,-9827.551601661837,19915.314168569075,19346.13620988945,-11967.068123016508,-30526.545947252227,-4188.90826778047,-22579.637273391556,-16171.036853857831,-35802.41511238487,-7754.706075494552,28771.207894743868,-20162.42380805446,19668.155314834974,11417.189525938826,20413.44931791773,-20523.290137126747,-40243.49858151213,-31380.24716719935,-46489.55651334593,-43186.386489902885,-45273.07981627658,-49558.08595777066,Australia
AUT,9436.946827812506,4385.41813705271,-46059.41777170513,9282.279444848127,-63015.4106167942,4080.6034202021347,55072.84143419255,50581.29850078471,-12464.05849078765,39272.97883967036,-34380.072247370874,-39076.349729732014,-54687.661355663295,-136818.294115582,18063.371996142407,18093.220584533465,-36725.32426378925,-94805.7419482562,-34633.8173562361,47674.362502749056,-26225.845162484613,-83762.18142724385,-146202.6827236198,-57358.434261926144,-12867.282657891243,-131242.6732833592,-55984.33348734909,-153575.15332682652,-114591.54527687625,-158953.2021185714,Austria
AZE,-239.9999021831441,-756.0483278851088,2724.3758350527687,1251.4862564803857,1307.9837245690014,-167.9914909175535,-556.5385581770714,609.1053653657922,-2173.357432898332,-5150.7412612678345,-12689.664950530401,-6019.231088406821,909.2544997741815,1839.0302340589385,354.8015599113233,-7735.265055240698,-19576.46283598226,-799.1794033966407,-5155.286072532357,4404.668966872515,-17393.49305428138,-8449.465150800585,-10330.323812922008,-1706.8943332183176,-26115.409555605926,-32963.97573815839,-19739.86258548791,-31421.158617411802,-30984.491052759535,-36740.29118198237,Azerbaijan
BDI,-1610.035245814269,831.6162984065909,-2865.1436964025797,-4720.159496918037,-1123.75734216725,-6714.9512177417555,-6665.624567004616,-3021.304248137193,-7065.675647780963,-1525.3619236178538,-980.2520720487752,1841.9496196405003,-3855.6150237926986,-4631.789604971536,-1786.251833982512,-5994.3966700668425,-2832.816262648004,1467.499699849128,1750.5170249679122,-5270.889755940981,-8365.623074359975,-179.99878626681263,-3687.309754797372,-3904.4329411474887,-737.8668662708941,-1390.995403141058,-6447.565269887867,-10169.821072637315,4162.991001404,3255.8444976475316,Burundi
BEL,-1689.8927643519492,-1615.4859404353795,837.1323303593349,2365.353883975938,-1382.5134891124226,-2726.659503938721,-485.0697578390498,-586.2838486902472,3685.2488267220683,-1209.9623166902375,11122.790247708697,983.1703409540435,9329.124886286701,-32512.69632419004,2313.269845070373,-7119.178947373439,-1753.4902638650185,18987.59849991773,21886.0165600181,-16785.837154859564,-22363.506491860586,273.6682542868519,-6419.692984586461,-17689.236984973297,9296.710132720673,-18214.637107286755,1438.8510811565602,-9140.283065439471,-22568.694036419398,-24619.85619372937,Belgium
BEN,4259.137167656654,29849.759539150655,5457.655768151263,1236.9957095730604,6775.267793427175,1642.3998034399538,6682.001864122483,45553.19577032055,-50384.91096393436,-13607.547217615196,-48057.08483924972,-22645.800323147898,-39441.34143660587,-19940.323238581383,24630.56041271384,-25585.810870309397,-62787.07049589558,-26311.64862788522,-3667.944619779085,2200.695152971177,-86854.44216975282,-56452.6265878887,-2756.7869617884967,-17474.53287149275,-99805.24545492837,-151607.37748708093,-128207.40579502883,-112030.89821780425,-120932.13372291747,-34287.30037889367,Benin
BFA,-6188.744899936634,25729.495852559958,15288.241665943184,-15931.509833971835,15151.000536616113,-2417.910037144517,-904.2695930479063,-9315.253824588188,-5706.7369752070435,11558.689174534024,-2298.5658558101672,-11868.73706573294,-75555.20396961868,38393.386154639,999.07828127153,-23619.456704629065,-38657.075922827724,-24407.560132745642,-17994.778713144242,-73556.71606775218,-30357.31743587343,-77494.51700021073,21582.451026844126,-83588.21336652763,-63421.28873582019,-176989.9533664919,-23211.942975514896,-60100.19970139864,-91704.44429078157,-25393.10302616525,Burkina Faso
BGD,53.79299348579716,120.10370049194684,11.861535014441458,-50.61696161658308,-269.86540010152714,58.453417460502614,101.88207553559285,-169.9349524378579,-80.80477277537832,210.5110050916839,420.1731554667208,-1617.2741255910237,4928.338921628122,-2197.062509389233,-3548.604609263708,-22718.93819068336,-52603.474081223496,-61573.72222616989,18930.457497900214,-87319.25342417967,-27211.66449573067,25035.98309016265,-61621.20271761781,-13723.093608699575,-170464.435635048,-201767.78608827278,-221509.94552155328,-224907.95072665482,-145282.96993721297,-454369.2359694178,Bangladesh
BGR,-41390.93545776992,101435.54969393693,-29351.30104946191,-7723.936768976435,-106868.04951316562,-1613.7829614650143,-34438.75565726709,76162.86385853308,-59566.2856581217,-64038.36836844238,-94360.48303185763,-57564.22106375406,-59952.353107771574,-110458.55829959763,59110.73997893388,12347.381556823526,-62418.864435265394,-132471.1153287841,-89777.85515688678,-106977.35645693906,-71274.2693290843,-128606.58299407641,-264180.9531749531,-236336.3112275058,-2976.3074583371763,-177008.3296996088,-128178.94413495148,-279658.02928996825,-191136.0857665665,-506804.8352834301,Bulgaria
BIH,-12466.855408626041,11171.36650034421,-18525.13432501624,-12952.068112646602,-39677.77750723653,8105.11102144505,19276.321104150455,11661.1296874671,-15108.977628781262,667.2019908579655,-35896.33278731444,-4628.997462079883,6466.204451055065,-57946.367907911816,7533.814592055574,787.9419432055053,-29842.12686343653,-56469.13573612692,-60159.4259642827,-54369.58103122393,-15632.336228464197,-58827.56697886005,-59206.43066905096,-50081.31875300016,14061.42360845026,-73403.78303829109,-46219.26333628432,-79060.5065048217,-65497.766886465986,-124767.27292618417,Bosnia and Herzegovina
BLZ,35.073223113130425,-192.83286735895203,826.8701281968971,909.6706222234909,-1072.159413908618,1246.9927524392747,313.86065533177026,-527.1627749000461,-1280.7074617878104,2390.9035327402503,383.58674381545853,-1750.636529284253,-2370.206464887998,-3608.7138909168384,-4058.5775777936997,-2333.8411368581383,-1304.7634806377805,-771.2839943548466,-598.314125135003,-5202.002940185139,1415.8834731043878,-3701.0581766898335,-868.2032406079726,1261.000848182037,-2561.332067965889,-6648.201067918786,-8099.01246568332,-7742.942195886582,-3529.865742058389,-6856.87615516448,Belize
BOL,-10037.691588125617,-7881.775000319866,15735.008706248349,-14097.384027610764,-8699.260803509062,-14380.08872241332,4205.101676173902,6443.433290091726,-11764.21826202116,10980.467658704012,14735.7158503527,10179.665034443773,-2920.3292750826768,7490.328025399553,-9424.86058926183,15539.496473518559,23397.507250646926,16872.49941933058,60865.5814877383,43379.38798651152,-14158.355184507069,20079.739817239475,17816.99640989646,13119.13573565454,20695.48882090575,-3287.5156389980734,-41623.32198971792,-7926.78165582528,47242.02693393225,-2966.259320853741,Bolivia (Plurinational State of)
BRA,-376251.11630848027,203890.35348980158,934805.0124397093,-495843.65810719243,232198.14520956244,-373275.26189407805,60607.80318014088,47660.2222280587,-613255.1129983261,-1333887.908455063,245687.94033641877,-1051669.156203527,-1327815.9848940577,-1216989.120246221,-1110848.7175007476,-1509780.8160705778,-2731872.1796171456,-2587523.677263888,-1193108.3529504503,-1546350.8312775723,-1832103.9660708169,-1121233.18094163,-5042175.40560537,-2849928.138537307,-3777834.741314002,-3693095.565797772,-3454699.941301804,-5356151.772774171,-2634698.6841658,-5559207.479846123,Brazil
BTN,369.91999032435297,1311.3953856543203,-221.10188990350954,774.5849331745419,-188.84176711317184,-419.21360089196156,-22.329476026151983,-778.4757708767426,-1341.261946172521,-61.50391994553261,906.0608712674351,141.47230088833834,252.24978570163873,-325.9618041780799,-667.264335187326,997.0709355918174,-2604.660301926871,-3294.295363348504,1143.0082781489023,-886.3990384109696,683.9141508760544,791.3592286260917,-215.72731400083947,-465.72001295824225,-1427.230925267032,-2355.1640866303355,-1926.868914397533,-2157.3972417882187,-2118.3763835373607,-2200.018241669893,Bhutan
BWA,540.8702606513142,886.9779740152011,-580.5154932162898,-68.60475725875598,281.3893234077793,-1100.6518131377575,2648.1127443345567,2416.259895381352,-242.85828501322743,-399.1657746719947,1506.5881772172477,-80.84267502110691,-1452.3396742867865,-219.36753687814257,-231.225127659091,-915.9430509650076,1189.0518945314,-252.8961104457795,-172.29421077469934,-975.5007178002218,-690.8082228715093,527.482358556439,-933.9676360255828,-401.09365166779384,-1417.2676169600743,-286.5465642448678,-2077.764914888736,370.10258944515806,-1561.7002803160733,-1096.543832715864,Botswana
CAF,-1196.7427875137837,681.7642169103129,1623.7524005959597,18.731724082918227,-50.70936197022067,-1547.5505330909227,2609.208777968635,-1964.7923439394322,-5088.054268317957,872.3919086079493,-4840.921549490429,-670.532956118595,-5907.776734365141,-491.8086930235931,-8840.798638963164,-3769.3548795826623,-2908.145266290008,-8073.780311630131,-1598.929870870613,-6764.351991018546,-5505.425587906229,-4449.817304812312,-3164.5453684599556,-351.6563545456512,-829.4286067277229,-4144.980911429948,-5605.980446978875,-886.4091972985462,-983.3009974035588,-2009.6918120857165,Central African Republic
CAN,298839.1359805047,-311719.2245083875,258723.85700370677,-17762.75256258238,207650.78283459286,-169468.6894241128,297943.60601386725,150049.4770418475,-210302.28665432462,-501358.05498996715,344847.20212040475,-229844.76307668095,-608105.7436560679,84222.04261407249,426604.9594783713,-465815.98186925665,123868.96799453441,-43631.3448730189,479616.2237660576,397551.6792695552,-573644.159458777,41119.49137480318,-872254.2816784057,356619.15701178374,299505.3595475348,-393884.1000979567,-597594.8193095705,568701.6730414437,-856218.502536919,312497.5033143847,Canada
CHE,1767.6171845627948,-13677.592333326214,-3638.359927733609,2668.5763822643003,-1359.8984250679523,-795.1696144993318,493.88958019107855,2831.6595866866073,-2274.6143040466604,12748.370108736988,5719.827436635165,1095.2405915079416,919.9412837857017,-4458.474389813668,-1802.9834624278506,-3118.016531390502,-676.0761983253682,4287.121757076184,-1128.115844607513,-2173.4079638152352,-6820.069292704928,-3056.6935971813828,-2702.5411624610438,1380.6018205224898,1450.8978139813814,-6603.724487396393,-2823.8045096310316,-8740.438473910479,-5596.698811598662,-10836.026517713843,Switzerland
CHL,2056.014057114805,14431.54563525056,4822.044989848741,-16777.088571194352,-20776.46378893331,-23441.43839163486,-21734.234214816835,-1053.1115254177325,2174.1902566570307,-1390.7996102089369,13135.11850139967,-31836.653167705823,-7363.663405686435,-34586.84466051934,-24038.27126007198,-24002.72490017622,-33196.039182280416,-12090.31976570551,-30832.25939120663,-24943.205345555376,-42936.07205847648,-28524.098842769312,-52841.82985066429,-65241.41520231545,-40698.56893696826,-32581.012955140137,-41439.77259871627,-58395.58104097587,-31441.7428212647,-44564.95770095914,Chile
CHN,3043392.5858354634,1634441.8502206332,-488585.31112771394,4794890.83289604,-4228175.088866082,2757458.675441317,4284171.341439481,-7387210.879973423,4064620.4420379936,-3549850.2306772196,-5134497.594397355,-7584492.488421188,-3866625.8042690335,4053083.163282728,-512274.70422212966,-3540368.6674064444,-3883185.267264426,-6686136.063270586,1111932.6889711313,-2943790.726102604,-3514499.8011211394,-3773901.8945501875,2362530.7516728826,-2859381.165277946,-5212634.146767568,-2747766.344068564,-6269675.335915136,-18242884.93857543,-11564351.457386008,-13772407.68395158,China
CIV,-9647.792993682293,16963.501157204846,10822.333906699427,-3908.344559560528,6098.875914274609,-1245.518387848234,2398.0042839665343,19759.678883746044,-31323.17708320898,2212.6209416659794,-424.21600897314806,-9278.660144242396,-44786.99715167054,-18132.633461824513,-7224.605520398295,-32228.83621011576,-34098.92646958546,-39377.78609787155,-30560.05439992395,-29465.74516532769,-55539.78617416076,-17828.151348065538,-5047.143281632801,-22909.126096284363,-26401.356217369055,-115084.03739717159,-89428.41140654025,-80336.62525746973,-83581.25684507465,-20838.872114398535,Côte d'Ivoire
CMR,808.0332410523267,8052.911945293396,18969.122678587908,5740.238258654964,11652.781754680898,-12806.840359671825,4936.3940690240015,-2730.701355810785,-38019.93304339402,-17743.776676247366,-23043.420242329343,-21886.02127134032,-54164.794943791654,-16.55275471740372,-20518.29890807193,-989.8595985029057,-33605.19818829659,-25470.882659407733,-63701.42262409997,-63301.37475392318,-37302.64915579867,-50383.795827276306,21541.10035285795,-50188.213568236046,-13492.357102835875,-160482.87671173445,-4243.721230199146,7269.841429691185,-28642.262761183047,10470.495309614103,Cameroon
COD,-13592.473997001318,-8928.007865508014,6886.599989913371,-6781.132814143482,1612.4985925074184,-28981.862038745676,180.89345970211946,-26469.99748305616,-38950.44365628159,20755.632735311152,15338.441039348656,-18805.170207636627,-6248.681683334592,-28363.43852359916,-21969.34083118578,-40527.283837046576,-2641.3662562901486,-13727.47153546825,-343.15123460653786,-16309.126509386624,-67802.26435395218,29177.084768591543,7767.26518693919,23575.168668167327,32138.379805905508,-14563.28628850516,-10835.91574424833,-3308.5839542637723,21021.0916199012,24366.83172716112,Democratic Republic of the Congo
COL,-18330.146959659633,-25985.34062596681,-57281.66484971713,-34761.412701808105,-18166.143779252303,-18859.788761921314,55147.58541358935,-8429.433168629876,26477.722837263267,18284.512026147386,26176.341334504006,-54356.70980315063,-15826.536611403786,42864.82522088839,21145.665040581232,-6144.040167787241,145901.4334390857,92364.79542664665,71642.89543693188,25392.263625279513,-72251.76990794712,-34021.19026352245,31956.00086278382,-77020.36873529076,-118612.85378852036,-79791.66099550467,-85856.74168343747,21367.65441976041,14089.50765812717,-50107.094357893424,Colombia
CRI,-863.0887236356086,-1803.0710332576432,-1847.6230789360864,-605.4837657544238,-2558.6151774054156,-1021.2161099217358,1498.2992986861648,-2857.756558416275,-1685.8107703539404,458.9653590197142,-303.2491937058834,-511.4165178434227,47.314289068242005,132.67194427444804,-10.392775538853066,-186.89617204548776,-341.4878612550383,-1173.1435164965808,-671.4323810986691,-1237.9388402690959,-283.5693266106779,20.949825022526124,-94.05982035745949,-377.0786089347964,-767.9144039383356,-374.30676540361924,-914.3065078857788,-222.8765724340424,-187.12696568726994,-684.4053297492355,Costa Rica
CUB,-1382.5032511544973,133.456559563455,1593.0842057862717,-4143.060156610172,-801.8147972405106,-1762.3998020055885,4867.709569563757,-865.2573761298313,-10206.191077417057,-5039.903234797084,-1194.0716681545202,2330.5591659656448,-7052.419333249702,-20499.888594795262,-8217.427221847627,-18975.258161485828,-14768.162762922728,-19848.303324380744,11581.13989867838,-13120.413343994129,4149.500998145588,1065.22545817671,14294.588796588076,-746.9340159875294,-30422.971655184956,-46532.44637997576,-15817.861185871754,-11262.159512503407,-3362.9541414535224,-32097.858261384325,Cuba
CZE,-9472.597874535715,-5603.133681069189,-37408.4843347512,-533.9427073079733,-4365.553481007476,-246.29440391655837,4758.74055736787,1225.94050087519,-2029.3622118958947,-316.608466809839,-6456.9020674897965,9647.21806673008,-11296.846859114305,-32480.23401243552,-5469.626526590661,-8075.653340318057,-12973.727422398606,-36555.98703454715,-10360.325459427344,9048.249916527953,-4921.971129703711,1777.3451951680452,-53318.416856015305,-5937.830433566925,-30685.736246587803,-33146.17984089486,-37716.340348872094,-22801.739814508943,-34163.45395501747,-45707.36338938155,Czechia
DEU,-19939.66942627715,-72456.09575867964,-66093.20611788932,58355.40746192002,-64658.40407574583,-42836.82864612111,15464.01897520639,-9080.049731064264,-8509.826822410618,4419.917772397982,55095.722779723576,8525.746000172832,33991.363098252856,-236245.6215963174,-5708.886874051988,-29003.576846810767,-91205.01432173939,37219.516337042834,31818.22544208168,-111358.16507911248,-116987.07521425528,-87164.30037417829,-205514.79001393568,-118881.14304436302,-41350.6010226821,-244727.50106345944,-102013.99090454087,-206468.88785995918,-229843.54802641884,-252271.85286274928,Germany
DOM,-1962.414661665972,-705.1111703660588,861.6177190388886,1137.57605623419,-1417.7424786276667,-4535.842720427162,-29.963169986583956,-3531.7692182053124,-1465.3751350405992,-523.977087579562,271.06671404162097,-1164.5249435119586,-340.5167428343026,-704.3494290954593,2224.8135669042167,215.2815900044816,-601.9861385964484,-1741.9371405532936,492.45204394762936,956.9617887917833,-1351.437298487321,-926.6319099123535,146.85241854383904,-167.71066114279515,-1612.6029090296588,-2218.294457510497,-3805.362021588084,-1889.0668993388133,-627.8602913397125,-1656.1213829438725,Dominican Republic
ECU,-15520.029280827903,-11400.794978035445,-6612.046874294593,3843.085351954661,-1765.8790465806958,-11992.983230926955,9989.757175073573,-51075.72218128569,-8986.225382694203,22046.44115544081,9169.850332019116,4960.339156573004,-4305.169017816433,-373.34113363254886,-10342.784692249126,20732.13643891398,8401.412955604332,54815.51205755663,43499.21203810681,-18347.282475173404,31857.773065724243,28001.18277583875,35825.820215152395,10865.69353857349,-13578.36344870507,-75262.674064889,-12115.539422431755,26725.21326436325,-10626.54461916538,-39291.857199299586,Ecuador
EGY,289652.3873404193,304412.96695266035,205385.652777916,-12343.034246646253,-329030.18172032764,-371024.73922660237,-55716.19865358454,30232.156265309615,-478976.87295355764,-206199.82891792204,46387.111558505756,-279841.32151866786,-481428.97319019126,-422770.4861097045,-152918.81470509397,-282146.5514079061,-315803.1569363845,-555905.50764613,-590888.451626,-447168.6893621011,-706005.0296568031,-115251.20989619446,-1114461.1284426956,-323576.1816752356,-498576.81984584144,-1082551.5182796014,-703017.3597579316,-799981.2491158817,-441497.72937240376,-966802.7039423946,Egypt
ERI,-603.7219298116248,3.6259557000455285,622.6779828871221,16.370399562075306,2029.97442504298,592.9765242695569,-164.6727496280813,-297.9710426216106,957.9820022775563,1647.6722724729802,-240.71697623422267,-295.414863115492,-462.8436570418477,197.1593460472888,-198.2492800455417,-18.439502947837653,-195.28933011201767,1144.097947071604,-184.29935647157353,-1637.86375736736,-900.1402014952981,-1993.4017407142376,-1803.1649997885,-1222.317830818777,-184.73253873680005,-3392.6524137836777,-1825.6895891163542,-2008.1956349707848,-718.8906607112137,117.52771088696123,Eritrea
ESP,-152773.2140504703,-231431.01885678407,-13161.946396633968,47040.403588980065,-98078.2285190603,-64385.22549616755,71050.12150903902,138749.7578362925,-103743.671734329,-36816.69547483043,-70322.86217422792,-132564.86840431846,44544.477757251196,-319349.92411368387,-227220.84858896252,-264320.2778294446,-197946.22816549556,71644.63971781827,-41339.75315120704,-251191.1518910898,-124593.44354542874,-136753.2111293817,-420311.5110379574,-86731.3000363007,-132835.99282101958,-343366.5986614906,-244130.18458398368,-383326.48864741495,-196154.39274750912,-383321.20661283756,Spain
ETH,-74434.96413075802,-5880.9982425144935,40108.969452571335,46762.13113645453,47447.84528426513,57348.82790567307,106184.0433935766,-14433.987450975845,-46675.26891162609,50370.09614513954,-29084.445886410627,-73466.71158947457,-244799.68781511896,-78373.30905976947,-121185.37744187152,-52228.50822964962,38460.05673897354,54437.69621168156,-73881.22205625499,-419032.0915363202,-213214.89687876686,-390219.9199331672,-112176.3602593959,-416768.53666090895,-76677.10680671094,-577805.8863770404,-241262.14517927167,-288756.01490947424,-130448.96289518435,32733.96669921789,Ethiopia
FRA,-446019.9414473846,-607844.2658189014,-4449.596536366121,593465.0119085868,-83356.09384370428,-394610.7466098815,-30169.708213185262,-259398.64268097025,-186478.87101169172,78600.0653650974,199414.06389427677,-29497.52283893514,391838.55422676704,-1062025.5753525496,-363113.20681905927,-739931.5318013153,-633768.4749241022,493479.46458840737,296204.1054789814,-611340.6099511316,-547943.9390263155,-626245.4533335601,-710991.7200195555,75258.4525599076,664033.004534991,-803012.6980466993,-396491.5421975658,-1125472.9973428887,-914677.4907714196,-1312101.6989279168,France
GAB,421.1218690393418,-822.2406268549303,462.64993728990464,-761.9319892592354,565.7599312999499,-82.56639265301366,919.4214447841338,-371.4789969163082,-20.459428046506066,-606.0150083851581,-580.4941549522015,-1272.1937572409595,332.4753503134671,390.1265513471816,-337.896046173759,-260.6090537176015,-162.40201329578585,608.8087102532604,-266.7074981524556,-1844.0997183285644,-891.0679602520726,-16.535635344449084,179.74798311922115,-285.08017174785874,1087.2200949134499,-2611.7242039834605,-1634.6793686753742,-3348.3156660375157,59.09761921316931,-1910.779750815995,Gabon
GEO,-2564.110834468218,-3986.618822624047,14407.944719945823,7404.578577117351,-292.06503702751996,3735.8149193024915,-11143.143262874251,4297.644651648471,-28569.54101357824,-17908.40056297624,-28658.007326850533,-18042.45192186135,12340.975386267046,-10062.32009664232,-2360.812184369794,1267.4585413890602,-21490.123787029326,-2322.800052058261,-10614.011842906517,4311.314062328441,-9209.334651049732,-4565.491203394444,-12719.88909668969,-7350.764997350623,-22798.038785894198,-17321.15456213861,-14546.992164644038,-12803.047726359137,-18099.85908828853,-18715.33260999595,Georgia
GHA,-12616.59289836572,50119.98233931149,2732.4728876364716,-2741.6154163147735,11269.859027771834,-8600.758400682176,13300.630928464727,45296.02741998006,-73064.71807068522,5957.979166720845,-28938.547896489898,-18668.260695813813,-46404.20581693026,-23086.368712747702,14574.308146577945,-23159.400945858237,-78715.88845182693,-64798.70737841935,-14463.32042949586,-13586.020922076026,-158778.22740282209,-110959.93448382948,-65389.54101579101,-78408.57802934544,-104903.23312918283,-183796.36763791047,-110127.19819856234,-132290.2005987241,-137738.3562129359,-144138.73105824026,Ghana
GIN,-550.1676007191437,-116.83752928149562,2636.915743178773,-3289.9529835197836,4584.062977148257,-1651.0359248133102,2425.1727239062034,2339.998098752808,-5818.718458301836,5142.842189489558,5202.90575297373,1933.0496727643726,-18279.247583130105,5660.048638915751,-20494.174971178487,-10034.648857428338,-20207.009860899216,-18491.036279987347,-13129.988546006434,-28919.329551980878,-19112.386937303196,-27088.457889037243,-17707.968837200504,-23287.944547360603,-22850.15891871859,-55632.256991810274,-49929.91983138444,-60263.07694012115,-32295.223487185616,-14920.350508649673,Guinea
GMB,-556.0921812668813,-1122.150707393414,332.3590913078004,-625.3047998728836,811.6748539544903,131.61885577693207,-545.5728662354301,-569.3646542126729,-626.3931779330763,129.70272124608434,736.1024771884742,-999.7314602168846,-1778.5369121494705,-229.43752982005628,-1160.0584111107248,-730.5337881545757,-1306.8812570667103,-1576.0575579980305,-862.2769522088946,-788.8288693091444,-2050.8669065360086,-1740.4770491479985,-489.7059205298464,-2147.0773418092635,-3387.4203642956018,-4172.747643700685,-1808.000324463374,-3404.3356596161398,-1290.7802363835801,-1479.195592303773,Gambia
GNB,-595.0670562643611,-562.6321135434127,127.805269363873,-156.53176196124605,462.5651966109731,-213.96930156308161,-482.22345226000624,-653.6145276580759,-677.6877657313495,311.59619859974583,980.3466055348814,-979.0874223310315,-1664.132642170136,72.42547971221778,-197.11388440616295,-2215.989728754377,-2713.3679545348677,-857.1891289498985,-506.918781989733,-809.0596960093925,-304.2049555487072,-518.7309323523136,-17.35232466411442,-284.3305239908386,-548.5750606321238,-420.60658592204095,-68.60780276146158,-557.1071293531002,-420.31645754974625,-487.52028136377083,Guinea-Bissau
GRC,-22828.142306605863,138858.67604374667,41721.898126956796,-41532.93264771111,-197855.04490035668,21993.50356400143,-1596.53509567668,39386.2619992293,-115709.9153835047,-99983.92455217027,-212787.37506234352,-152574.456829034,-33488.23391927223,-171831.78905540417,67036.47623564686,21884.532418938237,-64139.26483365565,-262953.8811136993,-272864.6260028843,-68742.51652648207,-55567.57216771376,-108344.52705861855,-233914.48339473075,-95920.71197155728,13872.133302301603,-102808.93333253518,-65857.98629787956,-159906.90103920278,-35965.73092619796,-121244.21232399659,Greece
GTM,22763.15517838327,-28062.094681725586,20371.866663909797,45700.43638690821,-64144.071250069595,40072.783157693906,33584.397466336624,-23912.69661687559,-53337.20979013208,29366.173434517812,28733.83042456369,-30111.75285757471,-58360.01513037934,-36139.85129104088,-50526.673841534386,-19511.90867794509,-13700.830131081517,-20284.969867569467,-6186.130357983763,-57822.716204090946,-41055.8412427388,-35707.64202104406,-10076.549213633429,-31991.667359567215,6600.886363873128,-109444.97349392016,-137599.79204681577,-50724.3759749413,-52870.29030876943,-142285.90261891842,Guatemala
GUY,100.76865661261557,-50.038090496206394,110.4374574518961,261.22608129110887,72.27722302376402,-164.19928558561563,-56.433218725032084,479.89124681168755,-339.26062175361346,61.05753876290873,200.26029729938986,-47.66157558703068,-13.18987759688734,-382.20015906569625,-145.08666610092774,-256.1460899000476,-81.22917272281383,-294.0651250077028,63.15550267718673,-129.87506935550064,-397.5250843752503,111.31985189232125,54.517377556670006,-50.318168530389094,-158.35132212774514,-127.9220338056991,-249.98981058805373,-52.521516878258915,63.43927517120453,-199.83397074539897,Guyana
HND,5664.230629286623,-23908.034574134304,5297.080126441691,15911.905360787478,-29788.28324935233,13169.596108577109,14979.963890191095,-9925.44024558305,-18186.54115023948,16664.452386996083,4371.276000555102,-23706.73637641951,-16560.71248850023,-17981.42074617868,-27433.61309006343,-16981.7633356531,-21662.268382747006,-28040.492135889242,7894.588790030622,-18724.066150072158,-230.57427647325454,-14373.753461384964,-1812.731466951296,-2218.8397188985136,-31419.128835270178,-37161.2795053592,-51565.977768461074,-29538.374954638006,-5628.53071707455,-49788.15345359108,Honduras
HRV,-17065.643613028784,21972.067686707764,-72518.00589016765,-50009.195290395255,-128548.58972801414,45890.17501688902,66991.45946365256,20325.317293679203,-15949.253718088987,20955.84253396812,-88700.63217656792,-37210.321162822336,-21006.771450320288,-147510.5821531752,13139.258914582326,-5900.817548979296,-85149.04436750452,-121895.91797047327,-170294.2773792278,-117748.96874418833,-23449.83262185331,-143618.21400597758,-132758.68904314234,-92614.27652858153,23852.11335499789,-157575.00914209333,-82595.27795750642,-174387.04917561408,-129395.12395486455,-250611.6204699496,Croatia
HTI,-5403.647473275799,-488.0042691432368,-377.5106900082364,3678.2490701701104,-16213.233653736033,-28225.048998314607,-2493.923277857709,-25654.186936759193,-5069.384335551016,-2375.497273971983,8999.376823527566,-3348.0067185382663,-1627.2973910208786,-2659.629795851518,9772.281656972118,-1397.831293986148,-2530.4277737220496,-11335.40845956561,4423.127320086707,13777.55673440599,-13293.800436373307,-11315.044296595059,5722.929357484321,-147.22073322020472,-16674.646883630754,-16569.34725971546,-23523.412232691833,-6108.100328296601,-962.1878419371013,-12923.15570708867,Haiti
HUN,-29677.940954835554,288110.3813941621,-306934.18789238995,-133491.23711517706,-434642.31424888177,27671.779332652142,188647.55236908834,127244.75861495458,38874.27198229603,62886.62810655719,-456783.3076997938,-117234.66733077297,-331286.6524265298,-575797.5825012553,251959.68346316868,54870.147548803354,-193542.79866798653,-396123.0673935438,-346991.2220456633,-529125.6110701073,-314385.34888787544,-525088.3326825652,-624001.2921542089,-408290.23729861085,-136898.85158359158,-760919.0744470814,-300497.02567461034,-704078.3791202068,-730602.8404665325,-974048.2594437504,Hungary
IDN,-181036.04566774386,-115135.78638974437,-79952.2063188794,-56044.44312654356,-92192.5815338018,-203022.3093301642,-253790.20655660785,-463454.324077554,-431246.47241252183,62493.61738584124,-26106.250659047106,337069.7265407267,-185488.46787348346,70795.43296091603,-27400.044024442876,6261.646055662617,-245275.6445460688,-343675.42321802827,132701.2163442213,-216938.2413563974,-319505.1552953336,343532.1406324172,-284182.8202020866,-127361.93748088971,-318553.055812121,-1004194.2046213278,-450134.0305321898,-387573.6342053738,-282432.3530482556,-1220833.9600972552,Indonesia
IND,561968.867500844,-259153.61210920796,-87638.22115529982,-78602.89409060263,595678.08116201,-400791.25493713917,300858.3155135556,194844.0179845242,-295619.59057279374,81600.95353974207,-254165.49497748743,-101180.34861112916,-631130.9272990811,168372.78225583408,-367660.200932362,-202125.21744873218,-162142.3087238004,-466730.20372164453,292521.134673712,-1701512.9719530507,-1413322.9720706334,312757.41223683784,-1431280.2561860385,355465.36946318584,-1733661.0055896898,-1460858.7132384279,-1350977.8256601896,-1653698.1478414575,-1637263.4472624308,-2159486.0099133016,India
IRN,-5706.133218135065,1257.5436500894384,57974.57342751177,58109.75721214632,13234.489187242098,-5188.2634755643985,4848.27791710214,-52289.83633680738,-90313.73978913114,-107867.49048853638,-161841.91808029663,-119799.77036074897,-86092.64047243325,-65252.04005611159,28644.010903033315,-162222.3888247136,-284857.620017544,-123297.5682155183,-127517.77744600437,-56789.24735781174,-214817.40044812756,-241712.74006253132,-105012.02772492876,-163552.4563392584,-250501.57483328957,-192414.59374694503,-136219.33126379055,-115756.01355646826,-94791.62154501889,-209408.37304431564,Iran (Islamic Republic of)
IRQ,2347.4409135780197,-8039.937421841468,52170.98812726682,-3391.826842537711,3946.7458980088063,-5422.504109305443,-11861.488667295118,-3256.6709091012203,-31110.30008726743,-15191.799856345518,-10812.117150954704,-36835.47052437088,-16917.872320700117,-27332.546821857402,-9900.006564407473,-67634.52126334072,-71744.98692106384,-54355.00705826872,-53014.42433428462,6511.5565037606,-57063.78377303091,-47661.567191190996,-85315.68028009107,-102316.54609545026,-64491.692346677315,-42023.508741118036,-58515.797388208826,-62643.51396395252,-59538.732242494945,-93347.15005754009,Iraq
ITA,-125318.34630892646,-272078.8982376143,-116993.77930196057,-122995.59827622061,-371037.72151913086,139210.68984086835,217011.9590651811,-72572.96719338956,-315492.6291311488,-59678.644670719084,-153389.190835188,-337325.8055116292,177228.29320069894,-1008884.4162604542,-204374.35575747566,-415131.52720335266,-603141.4228934214,-385992.69054908457,-271631.965113271,-89279.48601655483,69502.41358738014,66453.54264099455,-549435.363080298,-78118.65552176943,292069.16296821245,-466349.550560385,-296064.3154187886,-519856.4713531818,-538872.3604853172,-584554.1796948455,Italy
JAM,-23.999946030266724,-82.56856637206317,-114.79589968178678,-74.3106407210389,-196.336787571889,26.748825220720413,83.02879030656973,-148.9890855418954,6.033762519195454,21.578337957707145,14.372951326416878,-41.92854520672735,32.73362467324006,-101.49211995505316,1.3756467577947442,-114.78833784610197,-107.97506675816658,-3.627390585375297,60.40222982392468,-118.75436306685874,28.270385043311975,84.79400283047794,66.75033803101597,-55.989974415215066,-152.71034839783886,-261.66602518135335,-121.21250607015587,-95.10597768606578,-31.647626222687894,-184.539880132662,Jamaica
KAZ,4066.2526336566134,-9513.761919652039,28609.847366052432,22679.33131444787,4749.692315708334,-6161.499887774174,-2817.033415312678,-5244.269309507703,-6455.18327443246,600.0283739447702,-10476.030547841941,-9853.420333531567,6871.394251758069,34375.886887690824,-287.4143065394795,-13378.41526357676,-18846.31358896882,-12433.527834628087,-31930.084274801928,4103.674970712831,-2509.5022365101895,-11229.93852073765,-37800.92196521305,-4408.476275864904,-28902.40123259439,-44993.2076827377,1382.0987706237743,-12730.122920092526,-60072.29946568318,-57562.50479502528,Kazakhstan
KEN,-31607.643774141063,-13224.076939381759,40030.19360508573,-40065.00789735597,42010.13842530262,-41677.04459224334,2502.9572864962965,-126.19439423362134,-31876.181655256645,-37655.12577631897,-119324.23956514671,-85578.52451364505,-121502.33366968368,-130047.31284507552,-86419.3060622413,-78107.20493523114,-41211.83054962072,-1663.352647737713,-82111.67475338998,-219030.1325229768,-120486.73359986357,-238939.02301201606,-33194.41984024139,-39681.36619197576,-136704.16808154384,-169382.3725298623,-209142.83472543795,-274547.6111827813,26740.359491679657,-259572.63906443294,Kenya
KGZ,-8429.414806629076,5715.968186409403,23984.24158944724,14768.626734136393,-3455.044542529656,-5011.011153283451,2428.7117030796417,-6230.555218750675,5360.248815298854,9693.392023625918,-11982.724248166518,-15932.370173181675,6058.164037449344,23392.41009106687,-1134.7174033663166,-2579.5906740323726,-19643.198868383446,-23625.77508787743,-31686.79620594177,16222.991041602569,15533.925648591563,-25871.282965457154,-23017.79291922262,-23397.611366686364,-31623.43174029991,-37472.98942623081,-3814.1418459762563,-6101.592852658189,-37671.45649074679,-50568.32499333335,Kyrgyzstan
KHM,-5520.277391733452,-2205.194891485249,-4295.416415463687,-4193.74857348124,1875.4353869298843,-2831.7028391503663,-251.79121911758688,-2659.4304973689227,-6213.559790797976,2909.776658519177,6056.075659182745,2371.7710341921775,-4685.1252405244,-1936.2981319089981,7864.2671647896605,-7897.004687023386,10884.063177157828,-7432.109507250787,22816.99669302965,37959.847366071874,-84749.85624347242,42969.819165004454,19263.063838644684,23683.111828112786,-9400.380618496045,-45343.12914217685,-42550.321750505864,-5894.528282596421,36842.49377125545,-69953.8522496646,Cambodia
KOR,-4623.24329608303,-1079.1475305315041,-621.8321105371411,5829.285030884449,-7425.306045716946,-160.61002507175127,891.5733905697987,-3062.2442498449927,2336.824861027992,-933.6131213800061,-4243.0669526616675,-2122.8476775649165,250.46771462134654,4835.517997873085,806.2373149872068,-1230.0062075033893,1657.751305878845,390.8292251564576,1327.9461726561901,2452.087145140914,-573.6018635233186,-2657.9706808924475,-1296.1966971120987,-1586.408359916849,-1862.3131907172844,-3171.611931170305,-5309.583414213353,-4709.0439811968445,-7151.315587336817,-5462.733678612894,Republic of Korea
LAO,2693.9704765464103,-2404.053033179145,-3879.357106977242,-3044.8590893311966,1586.4849929751942,-1265.9827272688872,2467.2356964373726,-1753.230247548436,-5639.7043585098845,4245.768081916119,7643.943492702045,7365.295063596414,5234.674362650647,-5567.903835900481,8197.147710661286,-26441.328506856007,4953.875748674008,8773.858808684245,88997.91428147363,24287.562393717366,-121402.73787765852,41775.88918881866,-3642.295929813325,-64642.16902751959,-91792.38308183126,-158299.8936072903,-86729.5899467605,33689.54243607112,46735.83774070356,-84451.97482702653,Lao People's Democratic Republic
LKA,-142.82602639665095,765.6520262926264,-319.2532795090627,36.643574582358944,1076.5574980567203,-768.2028776177701,-865.3081486985241,-499.5977815764125,-2915.8116583503524,-712.7306499709708,-598.2076506895777,-163.3409167195876,-244.97204885094115,-248.62710015165612,-696.5197827694781,-69.08800072992821,33.844320216936495,1053.5595900705155,3091.158077507132,-3397.248588373137,-8748.785200413406,-6847.753062627712,-13050.70750718424,-4768.390082743254,-12397.835688038394,-5338.89563284368,-13852.353866338297,-11097.281812245843,-15036.471315140894,-14851.967135214547,Sri Lanka
LSO,2325.39028286129,1848.7225372345017,-5869.944372857439,-65.55411625677641,3599.443214466208,-1502.7161184457073,10205.192809312242,785.9762688420138,1838.024985368637,-5634.76700811605,4143.219957574599,-725.6852278459544,-1536.6686867943797,-5284.162617797045,-2200.1440997940663,-640.9959755557395,1373.1156180422645,-3368.1430746563547,-975.3140831607155,-241.63164928173862,-2695.934785864833,1714.1595021645865,-5957.234122712162,-3511.0653661836855,-3786.7211366472147,-3290.8353668009863,-1118.4288717311483,-4088.8190370643824,-7110.96611837445,-1812.025484638056,Lesotho
MAR,-408.3055931460027,-1139.418936079165,-499.63888506887423,1585.3817576836925,-11324.866308223332,-1535.1079601919168,-1538.3452676432728,3907.7587853399227,-2480.3380495002384,-5285.74004240737,-4124.9958242339335,-3796.838206471069,-2446.6972687449156,-7226.95786892653,-1041.3990001613413,-3565.973054888223,-11708.202476218203,-3683.637860251745,-9209.278145147846,3139.9644893137947,-1234.227712811493,-10380.937628026646,-7259.103710297204,-3837.4083775929444,-6055.5840145168595,-3682.2461753035286,-6046.355419640911,-10000.596918564692,1504.407611025704,-1809.0085442083632,Morocco
MDA,-8932.235312607329,17819.6837900435,-38791.72755254,23698.35324394743,-48325.01136017419,-9153.826330661746,-9988.567511678084,89415.72331628595,-6648.868918388463,-97848.5239384094,-67093.42423118134,-38660.48196864859,-53126.092307264895,-61141.57441981881,30839.141370203346,-19563.176446459434,-10318.84124642577,-161088.04459983937,-61367.726460449485,-108878.99086101564,-80951.39202609041,-109237.00401730482,-86676.88829038305,-19657.73606029692,-89472.04876605392,-153049.041352945,-159687.16489630815,-116392.39832549437,-126441.04237873698,-239314.57297940316,Republic of Moldova
MDG,-2045.6236859222856,-3134.8206433903424,1552.1794139224025,945.1512541256856,1342.15215101407,-2348.3851459673133,1472.6693507605619,1692.579218938444,-6533.770225202487,-3389.566943445611,-4545.969440781072,-2927.8987807671524,1241.4494939801782,-5764.626003637657,-11815.499277157267,-5381.1464938021845,-10527.525436147707,16.9797310498193,-13004.615313328779,-7920.52133310099,-25242.296637001225,-23568.068843786143,-13549.475496828723,-12164.455864373296,-16547.704224685112,-6725.216368146504,-18295.92477049827,-13212.726810506985,-1136.0346750745055,-11701.216840445564,Madagascar
MEX,202156.11343552437,37274.420769182056,140907.02630857506,-42761.30075677205,-485626.9300124755,463108.2131873466,129829.95381280262,-970573.4470402009,-1163933.009230824,136044.4350742354,22840.4539278817,-73130.13979810069,-401184.1653320074,-47214.40955765186,-224214.1998854656,-927812.1054372281,-474797.0695297545,28941.145032048997,325061.1975084242,-1302687.1584285025,-42619.90253982178,-971851.3982844186,-952283.7506630697,-444501.0100204758,-156510.48080937966,-1000740.8107969842,-1568525.832070575,-1463800.2235992744,-1111101.510634295,-2060379.7024195073,Mexico
MKD,-3962.465479090478,1954.4218101556517,-692.599192273246,-3757.959261440788,-11585.307358121832,6937.788851808398,780.3603218943307,1730.5390186490922,-3398.6789725713916,58.96487690816437,-10462.80128666186,-4843.5917634681155,1042.6957749709925,-9362.872130580163,3782.3814528461808,1777.1790074177177,-2151.8870698014875,-11104.597392613003,-10384.052638009065,-2016.544319209486,889.1544559099596,-6457.0049623674995,-13782.906656743244,-4446.8044811326035,1524.8927882392404,-6766.512084772262,-2079.060655738352,-12821.514256421851,112.35348224762829,-14768.076208363087,North Macedonia
MLI,1120.135099185037,6422.645124049413,3190.69938853678,-11844.185835160484,26842.757282746938,-5087.102825290166,-2839.2846587533854,-5434.485470238623,1890.6634438572987,47973.903195166175,6965.899935179315,1175.6269775280723,-32072.58761358401,19907.146309934404,-16677.87907301594,-28011.12839336848,-49118.60393466597,-47146.33661156006,13233.56899579987,-87165.7086818112,-3986.9011623930746,-73067.55112627051,33731.03662581749,-96151.24459278563,-56873.61050420912,-231600.35273064475,-105963.29237236078,-274944.29346740287,-114730.58003675862,-88993.79847235086,Mali
MMR,-1544.2911260397916,4045.975243356917,7398.773290052387,750.1152273634751,-8074.207383138253,4631.73566212273,5271.269952545424,-788.6393355182547,-8820.312725226226,-6762.480360195381,8651.770550505958,-4273.327861005645,-10537.833136646628,-7705.485398792683,-1715.9012393625524,-27005.95309697886,-32470.145866177147,4458.961561395488,20115.875901236188,-45192.40133396939,-74539.40320461382,-5264.060660915994,-43772.67556643979,-9772.106635125492,-44739.18201469088,-42515.32685380372,-46061.25065702049,-13427.163354566195,34749.442648926626,-82691.50531228936,Myanmar
MOZ,-10703.426393158967,-2454.054439888724,-14043.620284253682,-1255.360492344982,-18149.939868731795,-28121.280905117193,32726.94413844671,50189.83561403714,-71644.96561986864,39306.06378088131,44482.06093117292,11492.234328188932,-33784.97323453017,-57716.96615280835,-27119.97776365844,-76360.25074769386,-23338.273396308345,-46241.48481439416,-18678.532096344443,-71992.28703970872,-192388.95884957735,-40316.51734215798,-39834.51534223485,20570.23260767064,-21308.815900740345,-80329.73506903517,-99626.25862114743,6598.667573091513,-53665.78140393908,-48992.917789683845,Mozambique
MWI,-50020.17480864612,22055.0076337765,-50680.20051456651,21934.926642270788,-42532.439782011854,-100768.26878810453,-3956.5541090347488,32244.62587090766,-99772.38993110452,30798.013324992702,25029.979077329117,-11503.682589819433,-10274.57937608692,-74853.23228194621,-30288.312202061978,-102552.33582798697,-47986.03688482508,-27249.035654579304,-38445.8523272515,-90642.52554696714,-232190.77397419076,-73590.9490647167,38816.707827237435,-63077.76897475028,-26099.401714276893,-152193.20821805226,-115704.18556957647,-96166.78001978932,-67887.41780780435,-75248.9893540692,Malawi
MYS,-1352.8963187346258,-538.4268201713575,-469.1127134622501,993.4533375024589,913.9214523409631,872.3349529729861,2362.722858008605,-1227.5657094619737,-3928.6292478374276,1360.8729793169996,364.67371392519505,168.83175969221983,-4544.196185176479,-216.40551177921537,-1519.526727163032,-2667.681641465434,-847.2178594238749,360.02761939609906,1968.6878945335952,909.6056129875536,-1582.2073938605397,2616.732190003942,-656.2093611242171,386.35575126577135,-577.4711973956713,-1956.2401051839615,-4410.932890238348,-1738.717394606361,-2316.7281019215197,-5059.716222971579,Malaysia
NAM,-140.38613885946185,566.8781888603694,-705.087896250123,379.3136580671983,-256.9735858662391,-813.4320007682942,-468.88120349339107,861.0943878088136,-963.4580699576877,-298.058330770914,1280.4244318727667,-824.5793146660321,-500.77996258883,-934.5781180209882,36.46368297395828,-1998.7070214510397,-527.637387198868,-445.384345094368,507.7382210215372,-686.8108796492753,-2415.999212280889,-126.25735675500145,657.6038533268658,-1307.1428093131062,441.074423215139,-1907.3490956803269,-3158.839900517423,-1019.7094866255684,776.8698987556334,-835.2051969781731,Namibia
NER,-78.62256331336192,-1.6107225848585285,204.35889562045784,-142.0263718518191,290.13892611793887,-122.65219038138632,-199.1902051257419,-135.6173190234489,-208.234846459779,149.30705626095923,-140.25941512840814,19.53686368330428,-243.43072481475673,108.2778549118507,-362.8248574406878,25.97206210389303,-801.8485569966152,-423.7281897139128,-208.76691048772005,-218.104408190849,-523.2471088298133,-791.4423042861754,452.4133988229189,-845.8226748132033,-5050.598177408135,-3191.780998312453,-1456.6633900471697,-2448.2720671015095,-397.95780177463655,-765.9432672888942,Niger
NGA,-34736.629137041804,360153.4419639521,138840.38838705176,-70196.0040891396,191749.54936587918,-134621.89520936797,34904.433167982046,119564.96025262738,-363409.68361293984,-119331.98878798744,-154980.23904165934,-35907.5231880725,-328263.67965857394,6788.437064938041,3971.4564824974673,22738.01052315199,-492932.8655557512,-80807.81593818242,-104086.26001103433,-405174.8768228119,-498445.80927325675,-602855.7882775955,255991.98525762348,-282453.3517720796,-707671.8466620021,-1095530.4315738645,-589342.1477616383,-492165.69672889577,-686986.5019615999,77483.99112075935,Nigeria
NIC,-5179.315592570086,-7405.749394434637,-4677.125007544772,2457.994805202293,-11099.99911569266,-4987.261626076551,12722.959288744605,-10407.974893555785,-11013.856505112288,7385.957640512058,-4133.975672945294,-16517.539798288133,11189.487408528003,5249.563464817258,-13680.029644971395,-7698.821474095417,-25294.057950847222,-27472.25291503493,14976.447818298484,-4968.758824741847,-13507.833797036015,-4800.890690786677,6497.206415567302,-17851.75931433868,-24874.659252658068,-10372.929257839702,-31528.652481940037,-6978.520106755937,-3477.2091802543814,-20902.944320035487,Nicaragua
NLD,-547.1887465334805,-2239.8798692468545,-13.543368914939046,2592.326969132009,-759.3891622175487,-3770.105305414819,-1574.901641113746,-338.54714743070707,3092.1433805634883,-590.4386788133531,6626.190345546285,2469.687659208342,673.4586891175072,-10270.037940376124,2500.0908957928805,2429.490564953377,-2145.248107645264,12778.840639281874,5474.19447262758,-5772.948415813679,89.66626331677368,7286.3877281624555,3048.744395918337,-2198.336304522299,4244.111938329725,-95.29189597691837,2004.269393148612,-2632.249349543128,-3608.6776840448265,-9742.048311833985,Netherlands
NPL,42225.63406612059,-2217.452686393798,-29069.91910620001,15708.578781079303,-38245.023716156196,-53542.15646693233,-5402.54938046544,42144.59570877389,-5721.851585331618,-11348.635361196839,27314.812911865512,37253.25762801502,-28882.55841480355,-11342.825102403876,-58193.05671706304,-77027.34331890594,-50010.812280568505,-131639.87964220243,23071.89073826111,-177120.1742412842,-177551.36083268037,27978.7235318241,-178797.0868408156,-52031.51796367052,-137945.28163635035,-100911.55503147749,-148593.0374835922,-107159.11314231707,-131851.86429651704,-194297.98775094096,Nepal
NZL,-944.593137820045,418.22766679773304,-2654.5407904714207,585.6771594778951,2085.593631223595,1597.4052274703622,1547.827198548893,4028.4698807214054,-220.70243581404395,-904.3640271958103,1391.5555942349392,-1335.1353427281072,1403.3627095939135,-2839.4454148615164,240.24219534963322,2356.1228571247575,6450.277296569347,-1087.2000680827284,-6396.335066727246,-2113.605654577138,-856.625734889316,2404.071159538357,-33.143016734949725,-5268.2539851913225,-3961.0668359763017,-4806.9165713399425,-2609.856794728658,-1846.4853066270061,-1815.8993740124515,2275.645076210633,New Zealand
PAK,-97985.05579340197,-31678.589092436876,72751.45980305536,24830.87806119637,57936.438812772314,29390.035441386317,154717.67570189314,31727.59667469095,-99493.8009781836,-155417.84228473215,-69149.68224672423,69773.41519018431,-46169.8189443446,105232.26773294422,85625.89347867489,-171400.50312355935,-138164.37558621223,252226.71196798573,-47342.76535392224,-283093.31641833414,-17430.283797985947,-134358.36942958809,-358899.316795546,-380131.7334404603,-514595.71356753295,48819.91998587921,-509747.6379784044,-472363.07788807066,-407757.5643434606,-271285.62463041313,Pakistan
PAN,-3318.4883485310565,-3642.680136833905,-5752.582196526678,-5544.920728751179,-3057.94749959817,1278.6585569271404,5671.735959096266,-3206.0084026383965,-3492.7242972946324,2775.863063751647,1438.3456229377448,-4833.115878340669,-3247.965357564758,2092.5480907685587,-755.9787201378873,1003.5744079004559,-1070.6795060403417,-404.4306151109876,3727.0287898608162,-852.5149174507401,-678.7061228117287,803.8738908885659,590.2497036320733,-8832.71137750295,-12955.895728648364,-8330.060140880487,-10308.070386073174,607.2605691078832,-8101.8972361932965,-9248.849200628256,Panama
PER,-8635.412257828757,-6208.863755768546,-11290.555699631694,12986.093300794411,9010.620702632048,-4062.739465566806,18642.485833677027,-25863.613506085036,2644.0128057229967,14435.761105674866,-2196.0987909422533,33742.94102799245,-7525.077646410474,-16181.062147728897,-15109.117571512626,8995.56099591922,5865.178094464318,14834.50077206046,8947.065994896255,-19182.765104458755,-22156.116705094548,577.804291536432,14491.60730103326,3166.933444033225,734.0205100656635,-45786.57727480857,-46151.63853669473,-26685.911300645555,4626.256506547858,-29776.0020587046,Peru
PHL,63232.17027179003,-223516.66285733174,-142045.25702281037,-296830.21971396584,35593.60543775824,-12527.244052737158,113167.14372442396,-39254.51152316425,-290000.6120846859,192560.53682618626,162881.49063934002,4566.06990672999,84589.30083501067,135562.46342891591,11872.269234479092,-107944.0685770265,99048.14932555048,-285568.40404446464,394291.72531309986,386763.82505279477,-103946.48300730289,210470.45492297885,77195.2747818396,-44776.697795910564,-409659.80052646203,-414313.3358910457,-644656.009442366,100394.20844870963,-241966.00474044625,-475878.9169472526,Philippines
POL,-1962.2332001071957,-845.9351328470707,-11875.31742059693,1251.3160867797787,-9805.676807226508,-5114.469873032565,8979.715163141915,4296.476251559771,1529.1064754861288,-2011.919773010116,-7404.151619079796,31008.969790075225,-70105.47029384704,-121625.6432791853,-7681.905366343483,-53609.914768116585,-35592.32832890038,-49834.652763426675,-51337.92590980296,31603.44517113067,-32747.063149392354,47673.82026720741,-179026.1757059446,-18900.45557827614,-184933.91158386678,-229070.69561513385,-197340.45355761016,-58336.935572851246,-314502.9459399285,-266176.32140915224,Poland
PRK,-76769.42645084235,-22747.87775783252,28144.105420002947,151055.4512389532,-146377.9972785866,36131.79593771692,17756.64596637369,-56574.67706890879,50868.22751553207,-46680.576332844794,-81492.03299131726,-59510.89208066757,-22742.63967181466,68494.76124320387,11681.024540152506,-5397.112937691756,26375.22789496852,-551.8566814342532,24794.95778380855,-1979.9310280963161,1252.50794605,36775.559287745644,52368.00999381812,-40752.66033602689,-74261.10893682529,-86612.29475397729,-40161.8305296683,-128437.01319084028,-113803.54390281816,-138537.9276189835,Democratic People's Republic of Korea
PRT,-34882.01707312136,-51057.2690687446,-8461.259125751532,31006.27285327886,-4131.771580752146,-16998.12233881183,26976.218267510958,40230.302041675655,7891.137465532192,5936.305387411678,-4244.136420825539,-2415.6601048161565,20474.335828417992,-52235.21273733622,-38451.71761243394,-35898.65382204834,-28656.67638640164,18630.424232233596,-9700.475888554722,-47460.70264095661,-13802.245004943714,-17907.437427851735,-77974.7413425798,-26924.636152859177,-5403.403209845226,-64251.36075071549,-31718.929303765308,-80678.69432675328,-38981.147901074815,-60015.54557238028,Portugal
PRY,4796.991203357239,-6789.18485697893,37552.11483976747,10261.15952563915,-16204.27827525994,-25945.64841234897,27818.766836835435,19128.02764886155,48731.03751030141,-65339.66804531708,-13059.963947366381,-22829.923849122282,-25114.279347773307,-30097.567766995035,-569.2362558881179,-1596.9227227269612,-102859.43760542042,-95495.06619247953,-56168.20712404137,-49710.049853442746,9323.882200347138,-69680.96600812473,-436792.2207117908,-255897.85978704368,-225802.3871784637,91478.2711169762,125751.11059298663,-154086.86944254802,73888.2961224275,-556718.1073853262,Paraguay
ROU,-189124.65043069312,250608.53088691988,-309291.8517147077,-59245.08871897992,-698899.0387678791,-191664.16969992418,-179087.40206125897,692773.7889159789,-249076.7985843166,-331321.0236999139,-546317.7764409287,-288048.1519472801,-472968.6739023378,-956146.3440981486,326806.93307350035,253306.10840626323,-111453.34089793045,-540946.3054704928,-276692.8306496148,-590629.8876693548,-318449.2121423551,-493680.7866425733,-982592.6458239437,-865097.8532978151,-209915.43260397288,-868002.7516406726,-519267.7690006199,-1416357.7367100823,-1180310.5133239585,-1887890.0029825561,Romania
RUS,103656.19196949957,-9915.388836215136,42359.245485438056,125316.67955929296,20788.849002308372,-53826.81138613536,-24399.15390651799,6690.296545439008,-42231.23423506782,-58023.591051374,-25005.9537678903,-17750.795333809143,-9606.75375569851,28318.387289853505,10152.424602845189,-20756.467662567637,-50534.85959059588,-215875.11103734837,-290660.3100720743,-43056.49184090528,-298165.8785652472,-284960.47594060824,-550032.0587785613,-133572.9323280014,-495347.34474231116,-452788.05422938475,-400725.9601370054,-288128.93988981826,-530594.2852501344,-279001.65091294603,Russian Federation
RWA,-211.48684999722502,-859.6236668928468,611.5634785641939,-2765.9264880541978,-360.62385016861487,120.55618708239491,-1723.1275089078572,-300.45843484129773,-1839.7288724012665,-796.4013692723415,-685.7339753850366,1932.3755543787888,-2407.6327507965498,-238.2322255455827,-471.05847850580125,-3073.0272675905003,-2854.363992928821,1660.2105356907934,-1616.792285450526,-4802.252771647367,-6485.275874934092,10820.671962761935,-1783.2441149204778,-18185.804759961764,-7331.742127308468,-2335.409676692923,1646.2893769429127,-9552.046670784424,8127.095153692459,7016.105102730638,Rwanda
SDN,-4039.7949571530103,-709.1990645358668,4175.9817886034425,241.69347008605277,3139.8503640756444,1566.4790236703163,868.5892856497422,-281.0584114293799,84.50236924677276,4379.842394051704,-1042.7426904567549,1007.5914492196747,-4841.871629259405,936.7717076875895,-6318.142928936796,615.3129087794002,803.7554723806508,3885.8995404761145,318.754863275687,-8788.35479491555,-2597.4772831049686,-5660.159710106653,-1133.620709195017,-1675.9632590124938,1502.0573978095172,-5582.011397372331,-4504.423072955444,-491.85380099665025,890.1620566770864,688.0324481676389,Sudan
SEN,-5241.71411475186,-4421.815800904717,1332.97668894848,-4022.656738070174,7040.730502916025,-553.1874472264878,-3264.862018770681,-5677.56202700268,-1712.9638693249806,1081.5408782752547,2476.3789053579794,-5058.588584946837,-7657.909731108949,4416.207388590572,-12103.576190424066,-6532.902468349822,-12281.848101958707,-8995.287244002848,-5276.752253897713,-5824.768800682237,-5980.721072376389,-10391.831166428714,-6202.227266836513,-14482.454175512883,-17460.5365126377,-35142.361499781895,-26345.441486058957,-43217.63040272999,-34553.90916254789,-54571.30820895507,Senegal
SLE,-266.3483367283957,-263.0843229379111,113.50016357909836,-249.66953319097362,403.7785986672109,-105.39739687067996,83.82819928906103,-95.02222007249708,-292.8102298818767,299.8960558990252,-140.32631687822698,234.9093754958221,-532.3842419158958,470.7079350375287,-1254.2031242374405,483.1231620606044,-424.6709470725061,-623.3158215619769,-619.0709234556257,-675.2662257768193,880.1944800312809,-613.1129046463001,-881.75187063356,-1079.2450045745732,-911.7658523772299,-1131.6205117227319,-850.9150393131802,-927.3592166058215,154.94999107876012,-1482.1612950462898,Sierra Leone
SLV,10560.858766862293,-20600.69754504993,6285.6468994795705,17025.419858307785,-27704.47542412543,21113.784191563114,34024.24680242546,-25319.610880206194,-29179.01361740896,25590.649390593157,13634.0095441503,-28867.714655213087,-25006.564068208627,-21035.795291437207,-30834.954520812986,-9105.918555900707,-2228.43404598651,-24559.193857626808,18651.417373713975,-18696.58561053289,-10632.54041110973,-25965.55973486178,9682.519606048443,-22033.279528285726,-30615.947725055903,-51660.035844164995,-81959.30952452091,-52435.94346905943,-19484.37820312215,-61625.72142551819,El Salvador
SOM,-140.52987194388052,2303.053548611273,-657.9539838557245,905.0636655025447,1599.8954429223484,-3673.547609684363,522.569692411641,-2299.144192918483,-6534.486750353719,-3618.848000979631,-11824.09883115542,-6227.879520685936,-11878.478618362264,-11246.61000498903,-1770.3371062884598,-4631.7296236093125,-4597.763268575927,2932.7862534960755,-1657.4162703764464,-12764.927840893548,-6187.916373959281,-6007.2167232211505,-1501.2461775803304,-4625.656970912561,-6934.7378826596,-5669.943983869764,-5130.103269314513,-8054.106113100775,4283.578851447388,-5197.8393185918085,Somalia
SRB,-153503.56303363672,150433.50678357406,-211717.67992719906,-191213.94399341944,-496912.41091333533,103483.6882821638,149996.84971806698,265247.2860882556,-105942.6612848843,-36315.88245658528,-285154.2505677478,40377.38140459269,-207986.75290406085,-443697.9896940153,110915.62471926013,125732.16380556501,-148380.55951730782,-430638.4723013965,-434344.16716542037,-478856.1342388466,-117380.03251616616,-617560.0959659148,-526810.7567235545,-467627.0255389719,73199.43016705292,-589476.5590870514,-268502.17339022673,-528533.4837295692,-523069.49719618144,-822822.5332771916,Serbia
SVK,-6755.666436988695,5788.160560715822,-40724.04660482043,-4260.61300758212,-28502.43448759853,2970.2611039296316,38216.07712300156,7144.122439194994,-24579.99050123667,10267.537349246171,-29697.64085767333,-11017.686286993676,-25956.947585387516,-68255.25321903754,9934.17232103274,5679.4491730219415,-19518.235809573107,-52137.17982253917,-25966.57296130643,-25153.975312374212,-50716.132696366316,-26265.34530314696,-125939.36866407457,-22614.320403578673,-38767.053913670396,-83165.85174381665,-65533.2115340286,-96642.45650013664,-149172.03992999802,-130825.76318233593,Slovakia
SVN,2159.8570082912734,-2995.6261787716758,-3747.089660191313,-2661.3962782584963,-9291.674908417895,-3431.581424456656,8934.469286057683,236.8850660285178,-2031.2915713358875,7973.444534943974,-3266.5013182685384,-7620.496179285871,-3317.3579653149964,-17894.116163735147,4913.60050387574,-6228.324615434593,-13525.726116103146,-14359.004744448717,-12093.806291197967,8373.489511409298,-4992.343566604225,-3195.583757639938,-19277.23264589841,-5813.09081663832,9346.055984979688,-23370.74090365983,-12976.2040527247,-19657.451240099737,-7959.126241349523,-30223.363261209488,Slovenia
SWZ,540.2427310854762,936.3240441523287,-11628.280423455719,231.2741294850751,-34.57978248416101,-1417.2893083793454,9503.9903668754,5971.315058033883,-4482.472493687276,-408.0959141258672,12355.812242967251,364.03195514196113,-3798.7061107172844,-7700.187263743039,-2115.124481433336,-1406.3660580156484,1561.970224807007,-1995.0352864586423,-3002.155748188699,-3636.5590863505427,-2569.1568226081527,-1133.3050838310594,-7492.766628121434,-3659.158992522858,-1066.3062434226495,-6392.222173863218,-4404.723468559263,-1688.7665603449318,-8315.402254920247,-10170.284584515939,Eswatini
SYR,-4569.33490525997,19575.908547156698,20477.05658434393,1172.1661361433949,-14049.857071845616,-8196.167575414493,-13035.881703353502,12468.129798075104,-32709.435152692648,-15564.154785010334,-26563.573446938433,-21656.144556331248,151.97271335274507,-22607.608073430805,-5577.754528521814,-8798.041444170016,-13535.64973952261,-22258.808620618845,-34080.70442044091,-10669.445605982262,-22637.18863165678,-17355.09479617884,-22205.272913429504,-1995.7534537558513,-5153.900898695346,-3871.1609107695044,-8789.785484632175,-13446.308362268577,-10386.670811549093,-10850.828167282652,Syrian Arab Republic
TCD,-469.98619893480645,138.42346358828382,5315.5778809763815,-1391.023145410302,17933.576057446062,-3577.9276459219486,-3030.5898666261787,-10205.434797952474,-2446.818296317326,5441.187245057316,-4683.598861830531,-2496.4753544386376,-8976.754504863111,-2536.035065177437,-8335.367646850344,-8447.114097999474,-13512.598928931478,-8673.237882309757,-12004.137440016122,-24338.470615774946,-7358.631591760515,-30342.412378955087,17207.283226167598,-21785.2271586088,-14759.169941673374,-39955.62374927037,-16566.446043617474,-17949.29407235296,7131.104904110893,2923.7639420693017,Chad
TGO,-1079.9720172527525,14220.79530186766,2322.5174432765766,864.1678104601419,11379.828967809726,3163.172041848054,6311.625807389047,20498.19000820096,-23608.15035969126,-7896.458837543754,-24246.356139045452,-17823.18638743411,-21839.638328260426,-16646.052218852543,12349.743117557995,-16267.491200275312,-38069.62881707908,-14488.030732575504,-4771.421145274257,-4421.740273509312,-46961.44803647354,-39956.84263117481,-2427.8386309049984,-17407.989970092054,-47710.76785942848,-91537.94142376239,-66658.5484850761,-62484.45245718916,-61645.21269928134,-27872.973297021384,Togo
THA,-99761.97053432134,-282985.7936113552,-314811.18787895376,-385151.975416821,318687.2516517256,-164554.70807039327,150858.3536904982,-341812.65816918644,-533137.2576031628,370940.63937749894,370929.991293259,289083.882250089,60877.19020170858,-32759.789315860817,315702.87325425254,-66505.70218878657,270564.1382393209,1080.8930393573498,426933.61394731625,399890.79233374266,-603187.2592606498,269102.6829713673,284775.20837408915,-45759.99581416105,-196487.01484052915,-743860.1694847384,-371196.8127707115,332145.6928958345,352973.9715328513,-426583.341305054,Thailand
TJK,-1645.6343002795957,2447.8389362859716,5207.298656214647,4377.768228027346,-206.29138926822048,-752.4771857134657,2596.4282203556604,-1144.9380159953005,1504.7270861403883,1540.7624325428656,-2040.8082182757855,-1859.5744455006852,489.7860228398669,5164.062138659719,-532.865305789978,-8824.707448787587,-11036.16251668123,-7909.198518133514,-16902.772464287147,4294.037993089514,-3082.2147300382853,-13336.956747926506,-11726.478328986494,-11577.838049657268,-13539.430899752098,-13884.0448610329,-11979.341582957439,-14465.814689779278,-22149.783359709778,-14414.175999131447,Tajikistan
TKM,-4949.83108261383,13082.008502625882,27851.546699925115,25878.352963909372,-2037.613068118806,-9096.427129737365,46.71515341827504,-576.6768022781965,-247.09786676300763,-733.9156215450457,-875.395484993426,-798.3648535361389,-1297.9801854340737,-13.687487679526901,35.85215166490409,-261.6301932645836,-2016.5101566701896,-136.58981853338352,-432.6382102559325,25.072156604065,-817.8904491429716,-998.0060461221233,-3591.67226194814,-3011.5114550449757,-8088.324485791268,-9099.434946160225,-1334.0258602571412,-1661.36265471585,-1428.8007970304416,-1390.8223283361551,Turkmenistan
TUR,6956.62461225234,67115.28681140974,124825.25605967302,8505.541963276733,-139436.42127612294,20214.229988494633,-33972.80921028883,94876.95548835771,-148705.90245325395,-53081.875405192186,-170081.784430511,-205392.8813175755,12301.833017957699,-153464.32759854244,-7031.792510745917,-119501.4882328565,-268404.7963911253,-417182.15505239397,-381153.5372662428,-25690.042346435737,-339145.91014089604,-122952.18330125052,-248706.04981069293,-204448.75709283183,-405857.6713105123,-98599.70901871427,-394247.4895315179,-524568.4295905546,-355640.8474450356,-128836.90794264093,Türkiye
TWN,10674.774991811297,-19639.188631920897,10063.387650547998,-12963.377951546101,-4316.494754458665,3775.7075791089987,-9396.90058550342,28348.915743912825,114.6379081259371,10618.105860366028,59.603726990111966,939.7204816189826,-7220.592467981574,-13846.936093373035,-9772.254621033022,-6399.9883080275895,6000.72908334884,-9699.471629440843,90.42830147665032,-1476.4703119613032,-859.1830449611712,-4697.429463099239,1705.4895216208688,-5414.930280138249,-12247.108733924271,-9531.18621818989,-9444.444587063568,1181.3072106794975,-14272.892976672587,-323.37171118524043,"China, Taiwan Province of"
TZA,33923.59186226081,-58608.560530849776,-50036.13886335023,-3707.9383484714504,-13467.854328528296,-25914.064587081433,13276.130701401069,-10755.267122859916,4731.863766529034,-50371.24965010609,-138685.57122327012,-54140.03640769163,-13996.600481017433,-216692.10745597348,-106413.17592760935,-149078.2626223924,23423.11150090295,94259.30788015403,192209.4351453257,-50353.96405401536,-160133.1204582281,-159372.0870341486,78465.91666614449,-71029.13790217164,72799.97075354467,15376.074811732618,-44013.19675960617,-238685.8193321487,199575.09972859622,-206423.50880048107,United Republic of Tanzania
UGA,-26286.088912863972,4335.375751902145,24730.401581767164,-2073.598307492131,22180.118541470016,-9202.51680120947,887.326951816664,-9889.827562291595,2126.310121219545,-23937.83140018065,-91186.27896095811,-45768.61688225803,-100873.9211523544,-76212.04570761794,-87025.03688931157,-52446.27835902868,-57219.36408527095,-65771.18522886229,-123254.43786696439,-223372.8321684579,-181224.01197421792,-146751.33702016048,-83567.83234426682,-71198.9032471595,-110226.04429003363,-77397.94464588093,-86915.9791344151,-154099.1604642066,63917.44478498985,-138859.22960103475,Uganda
UKR,63721.22416498563,63311.4775454371,-103311.22902854756,144115.22385734276,-70261.53394023307,-61885.04894196328,-66612.87942550602,239077.22756348256,-51207.55805781573,-143456.43446292225,-77145.98908496549,-141414.3926177691,-240478.758469768,-99361.55286831709,306069.42939207715,-163520.67273212905,-35197.663426173676,-862891.8682925473,-627381.2794019887,-691398.3278046653,-1018097.1509025036,-1179437.2432667252,-2584364.0096991323,-1504993.0455735496,-2127240.220318065,-2371527.246782228,-2453137.65770664,-2183689.920783481,-2699370.142738942,-3811400.6214433266,Ukraine
URY,6012.676010435693,4332.667238913306,2643.910206013927,2963.926743628087,1266.5368513187434,-2515.3085158693225,-4505.66019671521,-2644.8926487689682,11684.772753184361,570.4137157860248,-1477.7765847430762,3470.9085314292547,5716.311139461068,4710.858007534067,-8029.661825910763,-5121.926301744147,-5556.7865264871,10077.68595064079,-18330.423998238202,-11383.210269836261,11809.853425157498,-11774.1534555128,-37244.96221100361,9266.369721682515,5726.778094192221,14037.752975324576,-10580.03653595287,8970.691749730573,-9184.358377676419,34994.714482223,Uruguay
USA,2170127.2329595992,-11551592.664191939,23372069.110153075,8723650.165496247,7546892.605808172,-2444506.335332793,15067609.452212997,9734707.287701035,893744.3962934283,2088448.7566229124,4238751.037213254,2178532.33396162,-10462636.624293875,4766503.718534478,26000416.717952922,-14537493.857614502,-9527621.479572566,-6002055.649523624,15086320.793829482,22062391.825757027,-4855034.120398642,-11506705.49566056,-36009475.85750439,-1541290.861887375,14414430.656248081,5706032.988810565,-9135682.868871618,-3001054.7010379694,-18191784.3774261,6519900.294702295,United States of America
UZB,-19661.97764840467,33842.22974690575,79954.4651226304,58986.88028267461,-3304.448034565912,-11755.336638186302,-1286.292037240191,-7834.747226046983,2886.1412458795267,7346.209361596182,-10735.542701176919,-7565.009130336859,4039.025047235106,16344.740517815017,-1323.818254451684,-9753.114409080217,-18182.03955030049,-11958.678870303534,-38300.04197462898,11247.039221153429,-5527.410971748995,-30726.06983457424,-25302.588091570688,-21700.56875182392,-37442.38147942716,-45901.472294574225,-41634.934653015756,-35046.2093866499,-42787.56359670442,-37491.56450593822,Uzbekistan
VEN,-8081.958232033404,-58163.00978427307,19034.938399452196,37251.447152994886,-1362.9866712328107,-22820.837748618476,42926.1744210073,-51021.61340051437,-22170.38073446347,5770.743194165613,-15489.823366883027,-136322.1700435843,-67757.68144491484,-9852.892540529596,71319.01352816034,-57226.154786261,125276.96598990024,13347.457178421802,-8161.825417046006,-178658.90032927244,-140433.73954766148,-28175.643174526467,48919.369410634565,-85346.28204305784,-191707.06229140292,-122676.06298819144,-107650.37029992328,-41506.26087828135,-27678.995775384257,-28471.163226563513,Venezuela (Bolivarian Republic of)
YEM,-476.1229388505365,112.99543927674999,3538.1429052253316,1140.7619087967082,1762.6673985447048,-1285.1251979752979,-711.0680887400254,-2801.1294654084118,-885.858066019457,2320.5692230243244,448.4999525684333,470.6938800979739,-2286.3855146252654,-842.3966494900992,-1024.2742591034742,-1416.2523901919856,-1384.2656662346317,-1576.7539651291859,-5243.008132204809,-4333.895433154741,-2917.8345686162497,-4230.68266326083,-4084.2295840016036,-3919.6397559874044,-1814.913299109844,-3913.0528371835494,-2700.599204012424,-3585.9448050170845,-2322.210949698322,-2378.930323428509,Yemen
ZAF,205225.8582121399,277946.99424562434,-454652.85255797947,-50474.81882219673,122403.37339249694,-6260.630492078316,949436.4080574283,317285.6101143336,-328951.7020553683,-498629.33260245854,1199537.7197295234,45010.8310352776,-517410.5823930337,-1166820.6937649567,-483967.85420567857,-409970.378461041,153311.82682307783,-612304.0895714998,-444373.1914195123,-498781.2232295202,-263198.17558682157,-30545.726940613924,-1275170.165218958,-1054983.9308318393,-479307.95015071076,-958028.1436527797,-999549.4352235858,7900.861446325305,-1124119.106081107,-1344554.0923569566,South Africa
ZMB,-27340.574613719946,11635.849821921433,-38175.14349497787,52131.681257616736,-67650.77430079602,-55195.812940015494,6709.030928292237,25229.56314190343,-46834.002338146725,9933.84412413867,37034.90984104912,21690.301119033476,-43891.90632674911,-59742.038764160156,-40822.294822855954,-103576.47552730821,18507.67038278332,-33710.113029846936,6701.965210889494,-13582.288723117783,-74182.52626209718,42331.11971278518,14481.326164280234,51259.55542392125,10851.245012200081,-97164.9535372599,-203005.24889219814,22357.196580459724,-6887.518723313382,-79332.7225969377,Zambia
ZWE,-6012.908181673443,-18705.698738328232,-42013.67170922884,16662.112804638247,-90963.65111965947,-47582.003493757584,95882.082834641,72967.73169778733,-91203.02403342344,49487.12634286228,102052.12221916944,27023.828637156235,-47882.48679529725,-81981.13393555697,-45694.2787297713,-112926.73534031205,-4693.65790759941,-123839.02369486392,-12376.823756379008,-42934.673291633495,-108803.11080837935,-1284.1663742353294,-56522.18088609879,-4417.005010694956,11234.301300235224,-44324.57946999334,-49826.18762359463,65965.00365797555,-58236.68401607236,-61599.85006218694,Zimbabwe
